Seriennummer,Datum,Wochentag,Druckprozess,x Position gr. Lunker,y Position gr. Lunker,z Position gr. Lunker,Ausschuss,Lufteinschluesse %,Min. Temperatur ,Max. Temperatur
838616,11.01.18,Donnerstag,Durchgehend,25,40,84,niO,1.5,211,242
838617,12.01.18,Freitag,Durchgehend,60,4,91,niO,4.8,210,235
838618,13.01.18,Samstag,Unterbrochen,63,17,55,niO,1.3,200,258
838619,14.01.18,Sonntag,Durchgehend,24,0,8,iO,3.4,181,258
838620,15.01.18,Montag,Durchgehend,20,99,11,iO,1.4,196,242
838621,16.01.18,Dienstag,Durchgehend,74,2,25,iO,3,190,253
838622,17.01.18,Mittwoch,Durchgehend,4,45,70,iO,4.5,202,241
838623,18.01.18,Donnerstag,Durchgehend,6,28,17,iO,2.9,193,233
838624,19.01.18,Freitag,Durchgehend,12,34,0,iO,1.6,195,236
838625,20.01.18,Samstag,Durchgehend,32,2,38,iO,3,203,256
838626,21.01.18,Sonntag,Durchgehend,6,20,6,niO,1.3,200,278
838627,22.01.18,Montag,Durchgehend,11,32,65,iO,3.3,196,264
838628,23.01.18,Dienstag,Durchgehend,96,45,32,iO,4,200,247
838629,24.01.18,Mittwoch,Durchgehend,50,86,16,iO,1.9,196,264
838630,25.01.18,Donnerstag,Durchgehend,69,5,24,niO,4.9,213,247
838631,26.01.18,Freitag,Durchgehend,69,39,15,iO,0,204,246
838632,27.01.18,Samstag,Durchgehend,41,73,46,iO,4.4,198,251
838633,28.01.18,Sonntag,Durchgehend,91,44,19,iO,3.1,202,259
838634,29.01.18,Montag,Durchgehend,74,50,55,iO,0.5,190,259
838635,30.01.18,Dienstag,Durchgehend,28,37,43,iO,2.8,187,249
838636,31.01.18,Mittwoch,Zwischenkalibrierung,30,31,7,iO,3,221,249
838637,01.02.18,Donnerstag,Durchgehend,65,65,1,iO,1.9,203,247
838638,02.02.18,Freitag,Durchgehend,52,51,52,iO,1.3,203,247
838639,03.02.18,Samstag,Durchgehend,29,33,32,iO,2.2,210,259
838640,04.02.18,Sonntag,Durchgehend,88,32,9,iO,3.5,197,247
838641,05.02.18,Montag,Durchgehend,73,75,0,iO,3.6,201,238
838642,06.02.18,Dienstag,Durchgehend,36,69,49,niO,4.9,188,247
838643,07.02.18,Mittwoch,Durchgehend,8,72,16,iO,3.5,210,251
838644,08.02.18,Donnerstag,Durchgehend,11,6,2,iO,4,218,267
838645,09.02.18,Freitag,Durchgehend,67,13,65,iO,,200,246
838646,10.02.18,Samstag,Durchgehend,85,6,31,iO,4.6,199,251
838647,11.02.18,Sonntag,Durchgehend,73,40,15,iO,0.1,189,254
838648,12.02.18,Montag,Durchgehend,97,39,25,iO,1.9,196,254
838649,13.02.18,Dienstag,Durchgehend,10,26,1,iO,2.7,213,251
838650,14.02.18,Mittwoch,Durchgehend,51,86,33,iO,3.4,217,258
838651,15.02.18,Donnerstag,Durchgehend,17,59,49,iO,3.7,195,256
838652,16.02.18,Freitag,Durchgehend,56,15,43,iO,2.7,180,240
838653,17.02.18,Samstag,Durchgehend,62,41,0,iO,0.2,202,261
838654,18.02.18,Sonntag,Durchgehend,14,9,24,iO,1.2,200,243
838655,19.02.18,Montag,Zwischenkalibrierung,48,2,26,iO,4.7,200,242
838656,20.02.18,Dienstag,Durchgehend,63,18,42,iO,4.8,194,239
838657,21.02.18,Mittwoch,Durchgehend,29,83,23,iO,0.3,203,232
838658,22.02.18,Donnerstag,Durchgehend,88,45,88,niO,3.2,216,262
838659,23.02.18,Freitag,Durchgehend,1,36,60,iO,3.1,204,244
838660,24.02.18,Samstag,Durchgehend,30,72,25,iO,4,208,262
838661,25.02.18,Sonntag,Durchgehend,53,1,1,iO,2.3,196,239
838662,26.02.18,Montag,Durchgehend,44,43,50,iO,2.6,196,255
838663,27.02.18,Dienstag,Durchgehend,73,96,69,iO,0.5,192,263
838664,28.02.18,Mittwoch,Durchgehend,21,24,66,iO,3.3,211,234
838665,01.03.18,Donnerstag,Durchgehend,26,18,35,iO,2.1,183,246
838666,02.03.18,Freitag,Durchgehend,55,51,35,iO,3.7,200,271
838667,03.03.18,Samstag,Durchgehend,9,85,22,iO,2.5,223,257
838668,04.03.18,Sonntag,Durchgehend,65,12,9,iO,4.2,215,247
838669,05.03.18,Montag,Durchgehend,17,50,38,iO,3.4,200,245
838670,06.03.18,Dienstag,Durchgehend,67,18,31,iO,2.4,214,255
838671,07.03.18,Mittwoch,Durchgehend,44,84,4,iO,0.4,209,240
838672,08.03.18,Donnerstag,Durchgehend,17,58,1,iO,3.1,216,258
838673,09.03.18,Freitag,Durchgehend,18,59,59,iO,0.3,195,243
838674,10.03.18,Samstag,Durchgehend,77,74,25,iO,3.7,213,260
838675,11.03.18,Sonntag,Durchgehend,36,71,53,iO,0.6,191,237
838676,12.03.18,Montag,Durchgehend,45,87,49,iO,1.3,206,250
838677,13.03.18,Dienstag,Durchgehend,80,86,23,iO,2.1,209,257
838678,14.03.18,Mittwoch,Durchgehend,65,54,52,iO,2,194,253
838679,15.03.18,Donnerstag,Durchgehend,81,61,51,iO,2.6,203,256
838680,16.03.18,Freitag,Durchgehend,75,83,7,iO,0.5,207,259
838681,17.03.18,Samstag,Unterbrochen,65,22,29,niO,4.5,212,246
838682,18.03.18,Sonntag,Durchgehend,64,84,34,iO,4.1,202,248
838683,19.03.18,Montag,Durchgehend,82,1,10,iO,1.3,211,256
838684,20.03.18,Dienstag,Durchgehend,57,53,45,niO,5,201,237
838685,21.03.18,Mittwoch,Durchgehend,64,41,35,iO,3.6,200,257
838686,22.03.18,Donnerstag,Durchgehend,28,5,25,iO,0.8,192,255
838687,23.03.18,Freitag,Durchgehend,47,65,10,iO,2.4,195,247
838688,24.03.18,Samstag,Durchgehend,33,41,36,iO,4.8,197,246
838689,25.03.18,Sonntag,Durchgehend,52,9,4,iO,3.7,196,254
838690,26.03.18,Montag,Durchgehend,79,100,10,iO,3.7,214,263
838691,27.03.18,Dienstag,Durchgehend,38,89,9,iO,4.3,202,251
838692,28.03.18,Mittwoch,Durchgehend,2,77,0,iO,0.7,196,250
838693,29.03.18,Donnerstag,Durchgehend,14,23,2,iO,2.6,198,256
838694,30.03.18,Freitag,Durchgehend,69,23,35,iO,0.3,189,254
838695,31.03.18,Samstag,Durchgehend,92,84,67,iO,2.8,196,274
838696,01.04.18,Sonntag,Durchgehend,50,12,40,iO,1.2,198,244
838697,02.04.18,Montag,Durchgehend,12,24,41,iO,2.9,195,261
838698,03.04.18,Dienstag,Durchgehend,54,97,44,iO,3.5,182,254
838699,04.04.18,Mittwoch,Zwischenkalibrierung,58,66,11,iO,2.9,193,261
838700,05.04.18,Donnerstag,Durchgehend,88,41,15,iO,4,201,252
838701,06.04.18,Freitag,Durchgehend,12,86,67,iO,0.9,187,247
838702,07.04.18,Samstag,Durchgehend,6,84,63,iO,1.8,192,250
838703,08.04.18,Sonntag,Durchgehend,38,33,29,iO,2.5,205,255
838704,09.04.18,Montag,Durchgehend,24,83,31,iO,4.5,205,252
838705,10.04.18,Dienstag,Durchgehend,43,69,29,iO,1.3,211,226
838706,11.04.18,Mittwoch,Durchgehend,30,86,13,iO,0.1,197,268
838707,12.04.18,Donnerstag,Durchgehend,55,28,32,iO,3.4,197,261
838708,13.04.18,Freitag,Durchgehend,73,13,21,iO,2.2,205,256
838709,14.04.18,Samstag,Durchgehend,75,94,35,iO,1.8,192,246
838710,15.04.18,Sonntag,Durchgehend,13,55,70,iO,0.1,193,237
838711,16.04.18,Montag,Durchgehend,76,80,45,iO,1.1,187,244
838712,17.04.18,Dienstag,Durchgehend,41,66,64,iO,0.2,202,251
838713,18.04.18,Mittwoch,Durchgehend,87,26,20,iO,0.6,191,244
838714,19.04.18,Donnerstag,Durchgehend,74,73,32,iO,2.6,196,258
838715,20.04.18,Freitag,Durchgehend,22,52,66,iO,2.4,210,232
838716,21.04.18,Samstag,Durchgehend,65,49,31,iO,3.4,198,256
838717,22.04.18,Sonntag,Durchgehend,25,30,30,iO,3.2,203,231
838718,23.04.18,Montag,Durchgehend,10,100,16,iO,2.5,188,256
838719,24.04.18,Dienstag,Durchgehend,57,25,41,iO,1.2,195,244
838720,25.04.18,Mittwoch,Durchgehend,2,88,38,iO,1.8,196,234
838721,26.04.18,Donnerstag,Zwischenkalibrierung,63,76,47,niO,4.8,202,242
838722,27.04.18,Freitag,Durchgehend,47,66,61,iO,1.6,195,253
838723,28.04.18,Samstag,Durchgehend,5,97,3,iO,4.7,201,252
838724,29.04.18,Sonntag,Zwischenkalibrierung,96,99,30,iO,4.2,208,251
838725,30.04.18,Montag,Durchgehend,54,6,10,iO,3.8,200,264
838726,01.05.18,Dienstag,Durchgehend,72,31,57,iO,2.5,189,244
838727,02.05.18,Mittwoch,Durchgehend,6,35,48,iO,2.6,208,247
838728,03.05.18,Donnerstag,Durchgehend,26,41,47,iO,0.7,201,247
838729,04.05.18,Freitag,Durchgehend,75,45,25,iO,2.1,202,257
838730,05.05.18,Samstag,Durchgehend,56,52,31,iO,1.7,186,250
838731,06.05.18,Sonntag,Durchgehend,37,78,28,iO,3.1,187,236
838732,07.05.18,Montag,Durchgehend,43,49,50,iO,2.8,210,263
838733,08.05.18,Dienstag,Durchgehend,78,81,40,iO,0.6,206,259
838734,09.05.18,Mittwoch,Zwischenkalibrierung,34,75,13,niO,1.5,188,265
838735,10.05.18,Donnerstag,Durchgehend,89,82,18,iO,0.3,209,261
838736,11.05.18,Freitag,Durchgehend,76,69,10,iO,4.6,213,252
838737,12.05.18,Samstag,Durchgehend,23,3,54,iO,1.7,199,245
838738,13.05.18,Sonntag,Durchgehend,22,36,1,iO,1.5,198,246
838739,14.05.18,Montag,Durchgehend,84,12,25,iO,3.8,205,254
838740,15.05.18,Dienstag,Durchgehend,66,36,48,iO,3,195,253
838741,16.05.18,Mittwoch,Durchgehend,72,51,10,iO,1.5,202,260
838742,17.05.18,Donnerstag,Zwischenkalibrierung,40,49,37,iO,2.1,191,253
838743,18.05.18,Freitag,Durchgehend,82,43,42,iO,2.4,197,256
838744,19.05.18,Samstag,Durchgehend,3,46,34,iO,2.7,212,257
838745,20.05.18,Sonntag,Durchgehend,73,50,42,iO,2.7,201,259
838746,21.05.18,Montag,Durchgehend,73,95,4,iO,4.8,212,243
838747,22.05.18,Dienstag,Durchgehend,11,84,60,iO,3.4,205,258
838748,23.05.18,Mittwoch,Durchgehend,83,62,10,iO,1,192,252
838749,24.05.18,Donnerstag,Zwischenkalibrierung,75,92,31,iO,0.5,201,267
838750,25.05.18,Freitag,Durchgehend,91,40,40,iO,3.3,186,242
838751,26.05.18,Samstag,Durchgehend,77,44,29,iO,2.6,207,252
838752,27.05.18,Sonntag,Durchgehend,36,8,14,iO,2.3,195,258
838753,28.05.18,Montag,Durchgehend,8,60,61,iO,4.6,213,231
838754,29.05.18,Dienstag,Durchgehend,99,27,23,iO,3.4,204,261
838755,30.05.18,Mittwoch,Durchgehend,75,96,13,iO,4.6,186,237
838756,31.05.18,Donnerstag,Durchgehend,23,81,7,iO,4.1,186,240
838757,01.06.18,Freitag,Durchgehend,13,82,21,iO,2.1,199,260
838758,02.06.18,Samstag,Durchgehend,47,57,67,iO,4.1,199,252
838759,03.06.18,Sonntag,Durchgehend,25,67,12,iO,0.2,216,248
838760,04.06.18,Montag,Zwischenkalibrierung,99,31,16,niO,4.4,198,263
838761,05.06.18,Dienstag,Durchgehend,35,73,56,iO,0.8,205,260
838762,06.06.18,Mittwoch,Durchgehend,18,24,11,iO,0.1,188,257
838763,07.06.18,Donnerstag,Durchgehend,37,2,2,iO,1,200,236
838764,08.06.18,Freitag,Durchgehend,90,47,52,iO,0.8,202,258
838765,09.06.18,Samstag,Durchgehend,87,77,68,iO,2.1,201,242
838766,10.06.18,Sonntag,Durchgehend,16,15,55,iO,0.9,213,257
838767,11.06.18,Montag,Durchgehend,7,63,66,iO,4.8,183,254
838768,12.06.18,Dienstag,Durchgehend,18,7,27,iO,4.7,185,245
838769,13.06.18,Mittwoch,Durchgehend,56,28,4,iO,2.5,195,242
838770,14.06.18,Donnerstag,Durchgehend,76,45,7,iO,3.8,201,249
838771,15.06.18,Freitag,Durchgehend,12,35,66,iO,4.5,196,246
838772,16.06.18,Samstag,Durchgehend,71,51,66,iO,3.2,206,244
838773,17.06.18,Sonntag,Durchgehend,74,96,15,iO,3.3,206,236
838774,18.06.18,Montag,Unterbrochen,28,0,42,niO,2.8,200,245
838775,19.06.18,Dienstag,Durchgehend,66,55,26,iO,4.4,203,261
838776,20.06.18,Mittwoch,Durchgehend,66,60,7,iO,0.9,204,270
838777,21.06.18,Donnerstag,Durchgehend,64,91,53,iO,4.3,197,253
838778,22.06.18,Freitag,Durchgehend,12,50,19,iO,0.6,199,233
838779,23.06.18,Samstag,Durchgehend,29,12,24,iO,3.4,201,256
838780,24.06.18,Sonntag,Durchgehend,0,74,48,iO,2,200,257
838781,25.06.18,Montag,Durchgehend,7,63,1,iO,4.8,196,245
838782,26.06.18,Dienstag,Durchgehend,96,24,32,iO,0.6,194,255
838783,27.06.18,Mittwoch,Durchgehend,51,3,67,iO,1.3,194,255
838784,28.06.18,Donnerstag,Durchgehend,79,33,30,iO,0.9,204,242
838785,29.06.18,Freitag,Durchgehend,82,2,22,iO,4.7,202,257
838786,30.06.18,Samstag,Durchgehend,86,93,67,iO,3.4,204,262
838787,01.07.18,Sonntag,Durchgehend,31,60,9,iO,1.4,201,268
838788,02.07.18,Montag,Durchgehend,51,29,7,iO,4.8,203,249
838789,03.07.18,Dienstag,Durchgehend,29,53,38,iO,4.8,212,249
838790,04.07.18,Mittwoch,Durchgehend,94,97,24,iO,3.2,194,255
838791,05.07.18,Donnerstag,Durchgehend,99,91,17,iO,0.6,196,246
838792,06.07.18,Freitag,Durchgehend,57,14,15,niO,0.1,185,278
838793,07.07.18,Samstag,Durchgehend,12,37,16,iO,3,203,251
838794,08.07.18,Sonntag,Durchgehend,47,80,47,iO,2.1,208,231
838795,09.07.18,Montag,Durchgehend,78,87,43,iO,3.4,192,242
838796,10.07.18,Dienstag,Durchgehend,7,68,28,iO,3.4,198,246
838797,11.07.18,Mittwoch,Durchgehend,11,34,46,iO,4,202,243
838798,12.07.18,Donnerstag,Durchgehend,27,97,64,iO,1.9,202,250
838799,13.07.18,Freitag,Durchgehend,10,89,58,iO,2,210,231
838800,14.07.18,Samstag,Durchgehend,54,87,3,iO,1.2,201,255
838801,15.07.18,Sonntag,Durchgehend,20,74,6,iO,3.7,217,250
838802,16.07.18,Montag,Durchgehend,61,81,3,iO,3.9,195,251
838803,17.07.18,Dienstag,Durchgehend,47,51,33,iO,1.3,187,255
838804,18.07.18,Mittwoch,Durchgehend,56,42,43,iO,3.3,191,232
838805,19.07.18,Donnerstag,Durchgehend,43,86,30,iO,4.6,218,239
838806,20.07.18,Freitag,Zwischenkalibrierung,38,5,34,niO,3.8,183,252
838807,21.07.18,Samstag,Durchgehend,14,76,27,iO,3.2,217,245
838808,22.07.18,Sonntag,Durchgehend,61,59,33,niO,5,197,244
838809,23.07.18,Montag,Durchgehend,29,20,6,iO,0.8,198,267
838810,24.07.18,Dienstag,Durchgehend,29,66,28,iO,2.7,212,258
838811,25.07.18,Mittwoch,Zwischenkalibrierung,98,62,38,iO,4,201,243
838812,26.07.18,Donnerstag,Durchgehend,48,53,57,niO,4.9,207,254
838813,27.07.18,Freitag,Durchgehend,95,92,54,iO,2.8,206,247
838814,28.07.18,Samstag,Durchgehend,12,91,37,iO,4,207,242
838815,29.07.18,Sonntag,Durchgehend,96,1,10,iO,3.9,218,238
838816,30.07.18,Montag,Durchgehend,39,71,62,iO,1.5,209,249
838817,31.07.18,Dienstag,Durchgehend,73,45,64,iO,0.2,203,246
838818,01.08.18,Mittwoch,Durchgehend,62,54,43,iO,4.4,202,256
838819,02.08.18,Donnerstag,Durchgehend,18,41,18,niO,4.9,210,243
838820,03.08.18,Freitag,Durchgehend,68,4,67,iO,3.3,223,250
838821,04.08.18,Samstag,Durchgehend,79,69,62,iO,1.1,205,249
838822,05.08.18,Sonntag,Durchgehend,43,71,54,niO,4.9,214,247
838823,06.08.18,Montag,Durchgehend,78,68,3,iO,3.6,209,255
838824,07.08.18,Dienstag,Durchgehend,3,84,45,iO,4.4,196,249
838825,08.08.18,Mittwoch,Durchgehend,71,69,25,iO,0.8,223,260
838826,09.08.18,Donnerstag,Durchgehend,41,84,0,iO,1.3,201,253
838827,10.08.18,Freitag,Durchgehend,40,77,29,iO,4.7,203,259
838828,11.08.18,Samstag,Durchgehend,21,37,4,iO,4.4,192,246
838829,12.08.18,Sonntag,Durchgehend,62,94,17,iO,4.7,205,248
838830,13.08.18,Montag,Durchgehend,82,51,59,iO,0.8,202,240
838831,14.08.18,Dienstag,Durchgehend,97,30,48,iO,0.4,191,239
838832,15.08.18,Mittwoch,Durchgehend,17,15,44,iO,2.9,191,247
838833,16.08.18,Donnerstag,Durchgehend,64,97,43,iO,4.6,196,258
838834,17.08.18,Freitag,Durchgehend,79,12,68,iO,3.2,193,243
838835,18.08.18,Samstag,Durchgehend,42,16,30,iO,2.9,191,240
838836,19.08.18,Sonntag,Durchgehend,86,64,94,niO,2.6,207,258
838837,20.08.18,Montag,Durchgehend,32,52,28,iO,3.1,191,243
838838,21.08.18,Dienstag,Durchgehend,7,47,11,iO,2.5,204,246
838839,22.08.18,Mittwoch,Durchgehend,5,3,41,iO,1.7,201,250
838840,23.08.18,Donnerstag,Durchgehend,86,63,4,iO,2.9,194,239
838841,24.08.18,Freitag,Durchgehend,27,37,6,iO,3.2,203,244
838842,25.08.18,Samstag,Durchgehend,76,4,22,iO,0.3,205,245
838843,26.08.18,Sonntag,Durchgehend,53,84,36,iO,1.3,234,245
838844,27.08.18,Montag,Durchgehend,46,47,17,niO,0,179,251
838845,28.08.18,Dienstag,Durchgehend,46,53,33,iO,0,214,253
838846,29.08.18,Mittwoch,Durchgehend,66,27,8,iO,4.6,198,252
838847,30.08.18,Donnerstag,Durchgehend,45,65,64,iO,2,194,257
838848,31.08.18,Freitag,Durchgehend,15,28,35,iO,2.4,204,235
838849,01.09.18,Samstag,Durchgehend,46,6,25,iO,2.8,204,257
838850,02.09.18,Sonntag,Durchgehend,31,15,64,iO,3.4,203,261
838851,03.09.18,Montag,Durchgehend,24,25,54,iO,0.5,202,244
838852,04.09.18,Dienstag,Durchgehend,68,57,47,iO,2,189,258
838853,05.09.18,Mittwoch,Durchgehend,7,91,39,iO,0.7,192,264
838854,06.09.18,Donnerstag,Durchgehend,41,90,60,iO,3.2,207,235
838855,07.09.18,Freitag,Durchgehend,45,51,23,iO,0,201,245
838856,08.09.18,Samstag,Durchgehend,45,45,30,iO,3.2,198,255
838857,09.09.18,Sonntag,Durchgehend,92,38,24,iO,0.3,196,254
838858,10.09.18,Montag,Durchgehend,65,30,51,iO,3.3,197,244
838859,11.09.18,Dienstag,Durchgehend,33,12,49,iO,1.8,198,252
838860,12.09.18,Mittwoch,Durchgehend,42,21,34,iO,2.4,204,247
838861,13.09.18,Donnerstag,Durchgehend,1,96,10,iO,4.6,206,232
838862,14.09.18,Freitag,Durchgehend,39,90,64,iO,0.6,197,250
838863,15.09.18,Samstag,Durchgehend,86,3,37,iO,0.4,220,245
838864,16.09.18,Sonntag,Durchgehend,23,98,26,iO,4.1,211,245
838865,17.09.18,Montag,Durchgehend,19,97,24,iO,1.2,207,238
838866,18.09.18,Dienstag,Durchgehend,8,13,9,iO,3.9,218,255
838867,19.09.18,Mittwoch,Durchgehend,55,13,66,iO,3.7,196,265
838868,20.09.18,Donnerstag,Durchgehend,57,77,4,niO,4.9,194,235
838869,21.09.18,Freitag,Durchgehend,95,18,1,iO,2.2,204,253
838870,22.09.18,Samstag,Durchgehend,99,53,17,iO,3.1,188,257
838871,23.09.18,Sonntag,Durchgehend,67,27,54,iO,3.2,210,251
838872,24.09.18,Montag,Zwischenkalibrierung,3,54,15,niO,4.4,198,251
838873,25.09.18,Dienstag,Durchgehend,36,55,55,niO,5,186,251
838874,26.09.18,Mittwoch,Durchgehend,51,20,2,iO,3.6,200,255
838875,27.09.18,Donnerstag,Durchgehend,82,74,63,iO,2.3,217,239
838876,28.09.18,Freitag,Durchgehend,65,32,36,niO,4.9,207,258
838877,29.09.18,Samstag,Durchgehend,94,35,34,iO,3.1,191,257
838878,30.09.18,Sonntag,Durchgehend,94,7,66,iO,1.2,207,253
838879,01.10.18,Montag,Durchgehend,0,42,51,iO,2.7,209,243
838880,02.10.18,Dienstag,Durchgehend,72,65,3,iO,1.8,211,232
838881,03.10.18,Mittwoch,Durchgehend,22,93,67,iO,2.4,212,252
838882,04.10.18,Donnerstag,Zwischenkalibrierung,75,57,35,iO,1.3,198,254
838883,05.10.18,Freitag,Zwischenkalibrierung,56,57,36,niO,1.1,215,259
838884,06.10.18,Samstag,Durchgehend,34,55,38,iO,4.6,196,246
838885,07.10.18,Sonntag,Durchgehend,45,39,69,iO,2.6,199,235
838886,08.10.18,Montag,Durchgehend,41,73,1,iO,0.8,200,241
838887,09.10.18,Dienstag,Zwischenkalibrierung,70,72,5,niO,1,191,238
838888,10.10.18,Mittwoch,Durchgehend,52,69,59,iO,0.8,193,252
838889,11.10.18,Donnerstag,Durchgehend,78,37,57,iO,3.4,205,255
838890,12.10.18,Freitag,Durchgehend,78,45,42,iO,4.7,213,245
838891,13.10.18,Samstag,Durchgehend,52,52,56,iO,0.2,195,246
838892,14.10.18,Sonntag,Durchgehend,74,71,46,iO,3.5,197,242
838893,15.10.18,Montag,Durchgehend,52,10,12,iO,1.5,193,269
838894,16.10.18,Dienstag,Durchgehend,8,32,29,iO,1.7,207,240
838895,17.10.18,Mittwoch,Durchgehend,76,47,5,iO,0.6,227,259
838896,18.10.18,Donnerstag,Durchgehend,44,10,22,iO,2.3,193,259
838897,19.10.18,Freitag,Durchgehend,19,8,26,niO,4.9,212,247
838898,20.10.18,Samstag,Durchgehend,6,53,31,iO,3,207,246
838899,21.10.18,Sonntag,Durchgehend,19,51,16,iO,0.7,184,246
838900,22.10.18,Montag,Durchgehend,19,80,66,iO,4.1,220,258
838901,23.10.18,Dienstag,Durchgehend,15,41,14,iO,3.1,219,226
838902,24.10.18,Mittwoch,Durchgehend,16,70,62,iO,1.4,206,258
838903,25.10.18,Donnerstag,Durchgehend,91,1,63,iO,1.5,194,269
838904,26.10.18,Freitag,Durchgehend,85,23,62,iO,3.2,199,253
838905,27.10.18,Samstag,Durchgehend,27,92,2,iO,3.2,198,253
838906,28.10.18,Sonntag,Durchgehend,83,2,65,niO,4.9,222,255
838907,29.10.18,Montag,Durchgehend,77,26,27,iO,0.4,206,272
838908,30.10.18,Dienstag,Durchgehend,99,75,14,iO,3.6,211,237
838909,31.10.18,Mittwoch,Durchgehend,86,12,62,iO,0.5,198,244
838910,01.11.18,Donnerstag,Durchgehend,40,69,57,iO,2.7,189,238
838911,02.11.18,Freitag,Durchgehend,79,63,26,iO,1.2,213,235
838912,03.11.18,Samstag,Durchgehend,88,57,26,iO,2.3,191,251
838913,04.11.18,Sonntag,Durchgehend,97,23,10,niO,0.1,176,236
838914,05.11.18,Montag,Durchgehend,72,28,3,iO,4.8,207,241
838915,06.11.18,Dienstag,Durchgehend,96,23,65,iO,3.6,201,263
838916,07.11.18,Mittwoch,Durchgehend,2,2,47,iO,2.4,212,227
838917,08.11.18,Donnerstag,Durchgehend,61,22,52,iO,3.2,220,250
838918,09.11.18,Freitag,Durchgehend,3,78,11,iO,0.2,197,243
838919,10.11.18,Samstag,Durchgehend,13,30,64,iO,2.9,208,241
838920,11.11.18,Sonntag,Durchgehend,34,41,23,iO,4.4,195,249
838921,12.11.18,Montag,Durchgehend,87,64,14,iO,2.2,208,255
838922,13.11.18,Dienstag,Durchgehend,12,72,29,iO,2,198,237
838923,14.11.18,Mittwoch,Zwischenkalibrierung,58,97,24,niO,2.4,204,266
838924,15.11.18,Donnerstag,Zwischenkalibrierung,10,82,69,niO,1.2,206,263
838925,16.11.18,Freitag,Durchgehend,1,52,65,iO,0.9,204,240
838926,17.11.18,Samstag,Durchgehend,87,81,29,iO,1.1,195,254
838927,18.11.18,Sonntag,Durchgehend,52,55,52,iO,2.1,209,266
838928,19.11.18,Montag,Durchgehend,76,7,8,iO,4.3,219,260
838929,20.11.18,Dienstag,Durchgehend,79,88,39,iO,4.8,213,253
838930,21.11.18,Mittwoch,Durchgehend,22,80,58,iO,2.2,202,232
838931,22.11.18,Donnerstag,Durchgehend,67,99,66,iO,2.9,189,244
838932,23.11.18,Freitag,Durchgehend,7,13,43,niO,3,178,238
838933,24.11.18,Samstag,Durchgehend,76,83,58,iO,3.8,185,250
838934,25.11.18,Sonntag,Durchgehend,86,32,62,iO,2.8,212,258
838935,26.11.18,Montag,Durchgehend,26,38,38,iO,3.8,179,238
838936,27.11.18,Dienstag,Zwischenkalibrierung,14,2,28,niO,3.9,200,256
838937,28.11.18,Mittwoch,Durchgehend,56,86,17,iO,1.9,206,265
838938,29.11.18,Donnerstag,Durchgehend,16,14,48,iO,2,190,249
838939,30.11.18,Freitag,Durchgehend,51,6,15,iO,1.6,182,255
838940,01.12.18,Samstag,Durchgehend,26,30,3,iO,3.2,201,261
838941,02.12.18,Sonntag,Durchgehend,33,31,2,iO,3.1,199,254
838942,03.12.18,Montag,Durchgehend,41,65,43,niO,4.9,196,266
838943,04.12.18,Dienstag,Durchgehend,86,93,27,iO,0.4,193,240
838944,05.12.18,Mittwoch,Durchgehend,14,11,11,iO,4.3,197,247
838945,06.12.18,Donnerstag,Durchgehend,45,10,13,iO,4.3,193,253
838946,07.12.18,Freitag,Durchgehend,62,58,11,iO,4.4,198,261
838947,08.12.18,Samstag,Durchgehend,2,17,88,niO,0.4,204,273
838948,09.12.18,Sonntag,Durchgehend,54,66,22,iO,1,186,244
838949,10.12.18,Montag,Unterbrochen,33,7,58,niO,4.8,210,234
838950,11.12.18,Dienstag,Zwischenkalibrierung,31,75,18,iO,0.9,204,242
838951,12.12.18,Mittwoch,Durchgehend,77,92,20,iO,3.8,199,251
838952,13.12.18,Donnerstag,Durchgehend,15,32,63,iO,1.6,210,273
838953,14.12.18,Freitag,Durchgehend,42,98,27,iO,3.9,185,264
838954,15.12.18,Samstag,Durchgehend,96,67,53,iO,0.7,214,259
838955,16.12.18,Sonntag,Durchgehend,3,89,41,iO,3.9,204,254
838956,17.12.18,Montag,Durchgehend,75,92,32,iO,3.8,193,258
838957,18.12.18,Dienstag,Durchgehend,35,7,20,iO,4.2,196,251
838958,19.12.18,Mittwoch,Durchgehend,20,9,67,iO,1.6,193,254
838959,20.12.18,Donnerstag,Durchgehend,91,1,19,niO,5,187,258
838960,21.12.18,Freitag,Durchgehend,47,9,55,iO,3.3,199,246
838961,22.12.18,Samstag,Durchgehend,49,56,62,iO,4.7,197,269
838962,23.12.18,Sonntag,Durchgehend,37,21,64,iO,0.7,200,252
838963,24.12.18,Montag,Durchgehend,6,32,8,iO,2.5,201,253
838964,25.12.18,Dienstag,Durchgehend,63,8,13,iO,3.8,199,260
838965,26.12.18,Mittwoch,Durchgehend,10,80,7,iO,1.3,195,245
838966,27.12.18,Donnerstag,Durchgehend,24,91,61,iO,0.4,205,248
838967,28.12.18,Freitag,Durchgehend,30,13,32,iO,1.7,200,250
838968,29.12.18,Samstag,Durchgehend,98,89,60,iO,0.8,207,258
838969,30.12.18,Sonntag,Durchgehend,41,97,63,iO,1.9,199,232
838970,31.12.18,Montag,Durchgehend,6,55,30,iO,3.8,201,261
838971,01.01.19,Dienstag,Durchgehend,70,89,38,iO,1.6,196,258
838972,02.01.19,Mittwoch,Zwischenkalibrierung,97,19,59,iO,2.6,186,243
838973,03.01.19,Donnerstag,Durchgehend,53,80,91,niO,3.9,195,247
838974,04.01.19,Freitag,Durchgehend,12,56,43,iO,4.2,203,272
838975,05.01.19,Samstag,Durchgehend,9,68,37,iO,1.2,209,252
838976,06.01.19,Sonntag,Durchgehend,55,4,59,iO,0.4,210,253
838977,07.01.19,Montag,Unterbrochen,18,74,6,niO,3.8,195,256
838978,08.01.19,Dienstag,Durchgehend,6,72,3,iO,1,195,252
838979,09.01.19,Mittwoch,Durchgehend,67,55,45,iO,3.2,214,245
838980,10.01.19,Donnerstag,Durchgehend,32,96,60,iO,0.4,205,234
838981,11.01.19,Freitag,Durchgehend,79,24,23,iO,1.7,212,239
838982,12.01.19,Samstag,Durchgehend,35,34,20,iO,0.9,192,227
838983,13.01.19,Sonntag,Durchgehend,2,45,6,iO,2.4,213,256
838984,14.01.19,Montag,Durchgehend,79,41,52,iO,4.1,199,249
838985,15.01.19,Dienstag,Zwischenkalibrierung,8,22,50,iO,3.2,198,248
838986,16.01.19,Mittwoch,Durchgehend,52,30,68,iO,1.2,199,244
838987,17.01.19,Donnerstag,Durchgehend,43,15,61,iO,3.3,204,256
838988,18.01.19,Freitag,Durchgehend,100,23,45,iO,2.6,192,233
838989,19.01.19,Samstag,Durchgehend,74,86,34,iO,3.6,209,244
838990,20.01.19,Sonntag,Durchgehend,80,26,49,iO,2.7,197,252
838991,21.01.19,Montag,Durchgehend,39,51,66,iO,2.2,196,243
838992,22.01.19,Dienstag,Durchgehend,84,8,66,iO,0.1,203,251
838993,23.01.19,Mittwoch,Durchgehend,97,46,59,iO,0.6,187,265
838994,24.01.19,Donnerstag,Durchgehend,61,20,42,iO,1,200,257
838995,25.01.19,Freitag,Durchgehend,12,33,64,iO,2,200,241
838996,26.01.19,Samstag,Durchgehend,3,40,63,iO,3.2,213,256
838997,27.01.19,Sonntag,Unterbrochen,65,56,31,niO,3.5,229,235
838998,28.01.19,Montag,Durchgehend,31,27,50,iO,0.5,217,255
838999,29.01.19,Dienstag,Durchgehend,42,41,62,iO,1.9,204,240
839000,30.01.19,Mittwoch,Durchgehend,11,42,45,iO,3.3,224,239
839001,31.01.19,Donnerstag,Durchgehend,92,70,29,iO,3.8,209,257
839002,01.02.19,Freitag,Durchgehend,94,47,1,iO,2.5,206,238
839003,02.02.19,Samstag,Durchgehend,4,9,43,niO,4.9,224,246
839004,03.02.19,Sonntag,Durchgehend,29,46,44,iO,0.3,205,262
839005,04.02.19,Montag,Durchgehend,30,69,27,iO,1.7,203,261
839006,05.02.19,Dienstag,Durchgehend,79,61,43,iO,4.1,195,242
839007,06.02.19,Mittwoch,Durchgehend,5,29,1,iO,2.6,197,255
839008,07.02.19,Donnerstag,Durchgehend,96,50,5,iO,1.7,192,262
839009,08.02.19,Freitag,Durchgehend,2,83,44,iO,1,191,246
839010,09.02.19,Samstag,Zwischenkalibrierung,5,49,23,niO,2.4,194,262
839011,10.02.19,Sonntag,Durchgehend,72,45,23,iO,0.7,194,252
839012,11.02.19,Montag,Durchgehend,81,11,0,iO,4,206,259
839013,12.02.19,Dienstag,Durchgehend,25,98,69,niO,5,210,251
839014,13.02.19,Mittwoch,Durchgehend,95,21,0,iO,0.4,202,247
839015,14.02.19,Donnerstag,Durchgehend,2,86,31,iO,3.5,205,243
839016,15.02.19,Freitag,Durchgehend,95,4,42,iO,0,183,256
839017,16.02.19,Samstag,Durchgehend,75,95,24,niO,4.9,212,249
839018,17.02.19,Sonntag,Durchgehend,64,74,9,iO,2.3,208,248
839019,18.02.19,Montag,Durchgehend,64,47,10,iO,0.3,190,230
839020,19.02.19,Dienstag,Durchgehend,20,42,36,iO,4,217,249
839021,20.02.19,Mittwoch,Durchgehend,52,66,64,iO,0.6,192,254
839022,21.02.19,Donnerstag,Durchgehend,83,12,9,iO,4.5,206,252
839023,22.02.19,Freitag,Durchgehend,44,72,54,iO,2.7,205,242
839024,23.02.19,Samstag,Durchgehend,88,37,37,iO,2.8,196,249
839025,24.02.19,Sonntag,Durchgehend,25,39,46,iO,3.6,206,258
839026,25.02.19,Montag,Zwischenkalibrierung,27,49,21,niO,3.3,200,251
839027,26.02.19,Dienstag,Durchgehend,14,40,21,iO,1.5,202,235
839028,27.02.19,Mittwoch,Zwischenkalibrierung,53,89,50,niO,0.5,199,241
839029,28.02.19,Donnerstag,Durchgehend,83,2,47,iO,2.3,202,235
839030,01.03.19,Freitag,Durchgehend,81,49,45,iO,3.3,181,250
839031,02.03.19,Samstag,Durchgehend,63,92,57,iO,0.3,215,241
839032,03.03.19,Sonntag,Durchgehend,55,13,0,iO,0.2,199,249
839033,04.03.19,Montag,Durchgehend,68,92,56,iO,0.3,207,265
839034,05.03.19,Dienstag,Durchgehend,24,39,69,iO,2,204,266
839035,06.03.19,Mittwoch,Durchgehend,2,6,66,iO,2.6,200,229
839036,07.03.19,Donnerstag,Durchgehend,37,28,94,niO,0.9,198,255
839037,08.03.19,Freitag,Durchgehend,74,71,52,niO,4.9,195,252
839038,09.03.19,Samstag,Durchgehend,18,1,27,iO,4.1,190,266
839039,10.03.19,Sonntag,Zwischenkalibrierung,85,41,11,niO,0.4,195,261
839040,11.03.19,Montag,Durchgehend,68,34,9,iO,4.1,199,257
839041,12.03.19,Dienstag,Durchgehend,98,64,15,iO,2.1,180,246
839042,13.03.19,Mittwoch,Durchgehend,10,40,33,iO,4.2,196,248
839043,14.03.19,Donnerstag,Durchgehend,66,57,18,iO,4.8,199,252
839044,15.03.19,Freitag,Durchgehend,97,98,45,iO,1.3,185,264
839045,16.03.19,Samstag,Durchgehend,94,76,19,iO,1.4,203,252
839046,17.03.19,Sonntag,Durchgehend,62,43,7,iO,2.3,230,254
839047,18.03.19,Montag,Durchgehend,50,16,56,iO,3,218,267
839048,19.03.19,Dienstag,Durchgehend,23,6,3,iO,2.8,200,252
839049,20.03.19,Mittwoch,Durchgehend,7,49,32,iO,3.6,187,251
839050,21.03.19,Donnerstag,Durchgehend,59,14,58,iO,2.5,190,251
839051,22.03.19,Freitag,Durchgehend,80,73,92,niO,3.6,199,263
839052,23.03.19,Samstag,Durchgehend,96,3,9,iO,4,207,265
839053,24.03.19,Sonntag,Durchgehend,79,25,55,iO,0.8,185,239
839054,25.03.19,Montag,Durchgehend,10,27,9,iO,1.2,218,255
839055,26.03.19,Dienstag,Durchgehend,86,36,38,iO,2.3,213,247
839056,27.03.19,Mittwoch,Durchgehend,40,10,37,iO,4.5,193,247
839057,28.03.19,Donnerstag,Durchgehend,58,67,60,niO,1.5,176,238
839058,29.03.19,Freitag,Durchgehend,52,78,2,iO,0.2,205,254
839059,30.03.19,Samstag,Durchgehend,47,8,13,iO,3.8,199,229
839060,31.03.19,Sonntag,Durchgehend,54,73,21,iO,4.4,195,236
839061,01.04.19,Montag,Durchgehend,55,33,26,iO,2.8,197,249
839062,02.04.19,Dienstag,Durchgehend,51,75,35,iO,3.6,210,266
839063,03.04.19,Mittwoch,Durchgehend,1,99,6,iO,4.2,218,235
839064,04.04.19,Donnerstag,Durchgehend,9,40,24,iO,2.9,184,247
839065,05.04.19,Freitag,Durchgehend,55,14,24,iO,3,204,247
839066,06.04.19,Samstag,Durchgehend,91,36,15,iO,4.3,209,227
839067,07.04.19,Sonntag,Durchgehend,52,3,51,iO,2.2,179,250
839068,08.04.19,Montag,Zwischenkalibrierung,56,9,51,iO,1.1,202,232
839069,09.04.19,Dienstag,Durchgehend,10,94,61,iO,2.6,210,257
839070,10.04.19,Mittwoch,Durchgehend,38,69,25,iO,4.1,213,265
839071,11.04.19,Donnerstag,Durchgehend,79,32,7,iO,3.5,191,249
839072,12.04.19,Freitag,Durchgehend,76,35,19,iO,2.9,212,241
839073,13.04.19,Samstag,Durchgehend,74,54,2,iO,2.2,202,243
839074,14.04.19,Sonntag,Durchgehend,84,77,39,iO,4.3,206,260
839075,15.04.19,Montag,Durchgehend,60,15,12,iO,3.7,198,252
839076,16.04.19,Dienstag,Zwischenkalibrierung,55,98,8,iO,3.2,212,246
839077,17.04.19,Mittwoch,Durchgehend,19,40,28,iO,2.9,199,270
839078,18.04.19,Donnerstag,Durchgehend,25,27,50,iO,3.7,220,247
839079,19.04.19,Freitag,Durchgehend,34,90,18,iO,1,205,239
839080,20.04.19,Samstag,Durchgehend,48,55,60,iO,0.8,182,262
839081,21.04.19,Sonntag,Durchgehend,36,29,64,iO,1,207,246
839082,22.04.19,Montag,Durchgehend,72,23,39,iO,2.6,196,244
839083,23.04.19,Dienstag,Durchgehend,50,62,58,iO,3.2,196,242
839084,24.04.19,Mittwoch,Durchgehend,66,95,52,iO,1.3,222,240
839085,25.04.19,Donnerstag,Durchgehend,4,10,29,iO,0.9,186,246
839086,26.04.19,Freitag,Zwischenkalibrierung,23,54,10,niO,3.3,195,256
839087,27.04.19,Samstag,Durchgehend,23,91,39,iO,0.5,193,243
839088,28.04.19,Sonntag,Durchgehend,15,49,2,iO,4.6,203,263
839089,29.04.19,Montag,Durchgehend,7,38,3,iO,3.2,197,246
839090,30.04.19,Dienstag,Durchgehend,66,2,69,iO,4.7,203,252
839091,01.05.19,Mittwoch,Unterbrochen,14,83,21,niO,3,191,268
839092,02.05.19,Donnerstag,Durchgehend,47,50,62,iO,1.4,190,254
839093,03.05.19,Freitag,Durchgehend,80,95,16,iO,3.1,207,227
839094,04.05.19,Samstag,Durchgehend,38,85,67,iO,4.1,202,247
839095,05.05.19,Sonntag,Durchgehend,24,92,57,iO,0.4,214,241
839096,06.05.19,Montag,Durchgehend,73,65,64,iO,3,180,245
839097,07.05.19,Dienstag,Zwischenkalibrierung,95,46,34,niO,3.6,185,242
839098,08.05.19,Mittwoch,Durchgehend,13,44,12,iO,0.7,212,265
839099,09.05.19,Donnerstag,Durchgehend,89,94,20,iO,1.7,182,250
839100,10.05.19,Freitag,Durchgehend,68,43,15,iO,1.4,194,240
839101,11.05.19,Samstag,Durchgehend,33,99,17,iO,1.7,194,259
839102,12.05.19,Sonntag,Durchgehend,91,56,15,iO,1.5,191,258
839103,13.05.19,Montag,Durchgehend,79,96,43,iO,2.3,209,248
839104,14.05.19,Dienstag,Durchgehend,33,66,42,iO,1.6,209,261
839105,15.05.19,Mittwoch,Durchgehend,95,36,27,iO,2,197,232
839106,16.05.19,Donnerstag,Durchgehend,77,12,23,niO,4.4,172,249
839107,17.05.19,Freitag,Durchgehend,82,29,67,iO,3.9,182,245
839108,18.05.19,Samstag,Durchgehend,26,40,86,niO,1.3,205,234
839109,19.05.19,Sonntag,Durchgehend,38,58,6,iO,0.7,202,240
839110,20.05.19,Montag,Durchgehend,55,89,52,iO,1.9,222,242
839111,21.05.19,Dienstag,Durchgehend,40,44,14,iO,4.7,214,261
839112,22.05.19,Mittwoch,Durchgehend,45,97,19,niO,0.5,200,280
839113,23.05.19,Donnerstag,Durchgehend,28,76,12,niO,1.8,211,282
839114,24.05.19,Freitag,Durchgehend,38,57,36,iO,4.7,199,247
839115,25.05.19,Samstag,Durchgehend,79,59,20,niO,3.4,174,235
839116,26.05.19,Sonntag,Durchgehend,97,49,4,iO,2.1,185,240
839117,27.05.19,Montag,Durchgehend,28,33,38,iO,1.7,209,250
839118,28.05.19,Dienstag,Durchgehend,76,86,45,iO,2.1,217,249
839119,29.05.19,Mittwoch,Durchgehend,23,74,7,iO,0.1,208,264
839120,30.05.19,Donnerstag,Durchgehend,20,18,62,iO,0.9,200,267
839121,31.05.19,Freitag,Durchgehend,71,41,32,iO,0.4,216,271
839122,01.06.19,Samstag,Zwischenkalibrierung,38,94,18,niO,0.2,193,229
839123,02.06.19,Sonntag,Durchgehend,56,27,24,iO,3.1,202,246
839124,03.06.19,Montag,Durchgehend,27,34,19,iO,3,193,253
839125,04.06.19,Dienstag,Durchgehend,19,95,23,iO,1.3,202,256
839126,05.06.19,Mittwoch,Durchgehend,9,10,59,iO,4.8,202,245
839127,06.06.19,Donnerstag,Zwischenkalibrierung,13,2,10,iO,2,181,252
839128,07.06.19,Freitag,Durchgehend,99,65,13,iO,0.8,208,256
839129,08.06.19,Samstag,Durchgehend,68,48,43,iO,4.4,188,256
839130,09.06.19,Sonntag,Zwischenkalibrierung,41,25,54,niO,1.5,210,230
839131,10.06.19,Montag,Zwischenkalibrierung,99,51,65,niO,4.7,209,257
839132,11.06.19,Dienstag,Durchgehend,31,76,53,iO,2.6,193,251
839133,12.06.19,Mittwoch,Durchgehend,75,12,8,iO,4.2,217,254
839134,13.06.19,Donnerstag,Durchgehend,96,99,63,iO,0.7,197,249
839135,14.06.19,Freitag,Durchgehend,57,8,12,iO,1.2,180,264
839136,15.06.19,Samstag,Durchgehend,34,71,39,niO,3.2,174,265
839137,16.06.19,Sonntag,Durchgehend,24,72,24,niO,0.3,179,252
839138,17.06.19,Montag,Durchgehend,51,3,20,iO,4.6,203,258
839139,18.06.19,Dienstag,Durchgehend,85,34,27,iO,0.3,183,247
839140,19.06.19,Mittwoch,Durchgehend,42,39,54,iO,1.8,216,230
839141,20.06.19,Donnerstag,Durchgehend,32,32,59,iO,1.2,202,247
839142,21.06.19,Freitag,Durchgehend,42,94,53,iO,2.8,194,257
839143,22.06.19,Samstag,Durchgehend,23,64,62,iO,3.5,200,253
839144,23.06.19,Sonntag,Durchgehend,74,4,12,iO,1.6,204,252
839145,24.06.19,Montag,Durchgehend,16,31,66,iO,1.5,220,253
839146,25.06.19,Dienstag,Durchgehend,60,50,19,iO,2.7,199,258
839147,26.06.19,Mittwoch,Zwischenkalibrierung,93,2,39,niO,2.5,197,241
839148,27.06.19,Donnerstag,Durchgehend,71,39,31,iO,1.4,207,236
839149,28.06.19,Freitag,Durchgehend,41,74,6,iO,2.8,204,255
839150,29.06.19,Samstag,Durchgehend,84,81,56,iO,3.9,198,249
839151,30.06.19,Sonntag,Durchgehend,9,76,26,iO,4.3,201,257
839152,01.07.19,Montag,Durchgehend,13,49,69,iO,2.4,203,238
839153,02.07.19,Dienstag,Durchgehend,54,25,23,iO,0.7,203,228
839154,03.07.19,Mittwoch,Durchgehend,51,9,69,iO,0.5,208,246
839155,04.07.19,Donnerstag,Durchgehend,77,17,46,iO,2.5,207,254
839156,05.07.19,Freitag,Durchgehend,24,0,66,iO,1.1,188,237
839157,06.07.19,Samstag,Durchgehend,98,52,15,iO,4.1,198,237
839158,07.07.19,Sonntag,Durchgehend,91,31,53,iO,2.9,182,245
839159,08.07.19,Montag,Durchgehend,38,69,62,iO,4.1,189,248
839160,09.07.19,Dienstag,Zwischenkalibrierung,45,93,19,niO,1,200,254
839161,10.07.19,Mittwoch,Durchgehend,59,97,9,iO,1,183,258
839162,11.07.19,Donnerstag,Durchgehend,23,98,16,iO,0,209,252
839163,12.07.19,Freitag,Durchgehend,24,2,36,iO,0.3,200,220
839164,13.07.19,Samstag,Durchgehend,65,0,69,iO,3.5,191,256
839165,14.07.19,Sonntag,Durchgehend,2,29,8,iO,1,203,237
839166,15.07.19,Montag,Durchgehend,35,74,15,iO,4.8,183,249
839167,16.07.19,Dienstag,Durchgehend,78,34,9,iO,3.7,185,231
839168,17.07.19,Mittwoch,Durchgehend,96,61,48,iO,4.3,209,267
839169,18.07.19,Donnerstag,Durchgehend,55,13,54,iO,4.1,194,246
839170,19.07.19,Freitag,Durchgehend,69,13,17,iO,0.6,214,262
839171,20.07.19,Samstag,Durchgehend,41,8,29,iO,3.1,186,244
839172,21.07.19,Sonntag,Durchgehend,86,47,9,iO,0.2,196,254
839173,22.07.19,Montag,Durchgehend,60,42,58,iO,3.8,198,256
839174,23.07.19,Dienstag,Durchgehend,28,45,15,iO,2.8,213,242
839175,24.07.19,Mittwoch,Durchgehend,61,2,32,iO,0.1,187,257
839176,25.07.19,Donnerstag,Durchgehend,58,51,40,iO,0.6,206,248
839177,26.07.19,Freitag,Durchgehend,45,98,70,iO,0.3,204,255
839178,27.07.19,Samstag,Durchgehend,23,75,4,iO,3,203,252
839179,28.07.19,Sonntag,Durchgehend,20,29,36,iO,4.5,210,262
839180,29.07.19,Montag,Durchgehend,73,39,8,iO,3.2,215,248
839181,30.07.19,Dienstag,Durchgehend,76,38,36,iO,2.8,192,249
839182,31.07.19,Mittwoch,Durchgehend,40,56,69,iO,0.4,196,248
839183,01.08.19,Donnerstag,Durchgehend,12,25,19,iO,4.1,195,241
839184,02.08.19,Freitag,Durchgehend,18,83,22,iO,1.3,204,249
839185,03.08.19,Samstag,Durchgehend,35,73,1,iO,2.5,207,247
839186,04.08.19,Sonntag,Durchgehend,62,5,19,iO,0.9,211,253
839187,05.08.19,Montag,Durchgehend,79,7,8,iO,2.9,208,249
839188,06.08.19,Dienstag,Durchgehend,43,25,33,iO,0,202,271
839189,07.08.19,Mittwoch,Durchgehend,15,27,52,iO,1.1,206,250
839190,08.08.19,Donnerstag,Unterbrochen,42,61,42,niO,4.4,189,253
839191,09.08.19,Freitag,Durchgehend,18,40,46,iO,4.8,204,265
839192,10.08.19,Samstag,Durchgehend,24,53,7,iO,1.8,225,267
839193,11.08.19,Sonntag,Durchgehend,60,59,25,niO,5,194,250
839194,12.08.19,Montag,Durchgehend,46,73,60,iO,2.8,218,262
839195,13.08.19,Dienstag,Durchgehend,44,58,56,iO,1,191,251
839196,14.08.19,Mittwoch,Durchgehend,2,58,8,iO,2.8,189,245
839197,15.08.19,Donnerstag,Durchgehend,3,80,19,iO,4.1,199,245
839198,16.08.19,Freitag,Durchgehend,12,75,24,iO,2.6,195,274
839199,17.08.19,Samstag,Durchgehend,28,8,11,iO,2.3,212,244
839200,18.08.19,Sonntag,Durchgehend,17,61,8,iO,1.4,187,258
839201,19.08.19,Montag,Durchgehend,68,51,25,iO,2.3,194,255
839202,20.08.19,Dienstag,Durchgehend,55,89,59,iO,1.1,221,240
839203,21.08.19,Mittwoch,Durchgehend,60,45,18,iO,3.8,196,258
839204,22.08.19,Donnerstag,Durchgehend,29,40,16,iO,3.4,203,242
839205,23.08.19,Freitag,Durchgehend,45,14,67,niO,4.6,178,260
839206,24.08.19,Samstag,Durchgehend,72,70,30,iO,4.4,204,270
839207,25.08.19,Sonntag,Durchgehend,65,31,66,iO,0.8,189,234
839208,26.08.19,Montag,Durchgehend,98,63,28,iO,2.6,192,248
839209,27.08.19,Dienstag,Durchgehend,69,40,57,iO,1.5,212,254
839210,28.08.19,Mittwoch,Durchgehend,33,9,36,iO,0.3,196,252
839211,29.08.19,Donnerstag,Durchgehend,35,49,22,iO,4,206,250
839212,30.08.19,Freitag,Durchgehend,90,80,67,iO,4.2,189,266
839213,31.08.19,Samstag,Durchgehend,47,58,12,iO,0.1,203,262
839214,01.09.19,Sonntag,Durchgehend,89,34,23,niO,4.9,209,238
839215,02.09.19,Montag,Durchgehend,83,61,38,iO,1.8,205,254
839216,03.09.19,Dienstag,Durchgehend,17,92,4,iO,4.2,218,261
839217,04.09.19,Mittwoch,Durchgehend,31,27,19,iO,2.2,200,255
839218,05.09.19,Donnerstag,Durchgehend,90,26,42,iO,1.1,184,246
839219,06.09.19,Freitag,Durchgehend,49,17,22,niO,4.9,197,248
839220,07.09.19,Samstag,Durchgehend,5,34,38,iO,0.9,181,258
839221,08.09.19,Sonntag,Durchgehend,86,80,64,iO,3.8,205,246
839222,09.09.19,Montag,Durchgehend,51,61,7,iO,0.4,192,247
839223,10.09.19,Dienstag,Durchgehend,66,32,94,niO,0.2,208,249
839224,11.09.19,Mittwoch,Durchgehend,51,96,34,iO,0.3,214,256
839225,12.09.19,Donnerstag,Durchgehend,83,80,10,iO,1.3,184,240
839226,13.09.19,Freitag,Durchgehend,58,71,64,iO,1.8,199,251
839227,14.09.19,Samstag,Durchgehend,15,15,8,iO,1.1,208,253
839228,15.09.19,Sonntag,Durchgehend,0,20,64,niO,2.6,177,227
839229,16.09.19,Montag,Durchgehend,6,69,23,iO,1.4,197,246
839230,17.09.19,Dienstag,Durchgehend,2,83,43,iO,2.4,188,243
839231,18.09.19,Mittwoch,Durchgehend,17,66,67,iO,1,215,258
839232,19.09.19,Donnerstag,Durchgehend,87,63,3,iO,1.9,192,246
839233,20.09.19,Freitag,Durchgehend,19,80,40,iO,1.2,208,258
839234,21.09.19,Samstag,Durchgehend,66,71,89,niO,2.3,186,256
839235,22.09.19,Sonntag,Durchgehend,40,44,38,iO,1.6,210,227
839236,23.09.19,Montag,Durchgehend,8,39,20,iO,1.2,214,246
839237,24.09.19,Dienstag,Durchgehend,70,62,62,iO,4.7,192,258
839238,25.09.19,Mittwoch,Durchgehend,30,36,64,iO,1.8,194,254
839239,26.09.19,Donnerstag,Durchgehend,11,79,35,niO,4.6,214,278
839240,27.09.19,Freitag,Durchgehend,75,13,91,niO,0.2,224,260
839241,28.09.19,Samstag,Durchgehend,22,29,38,iO,2.7,212,234
839242,29.09.19,Sonntag,Durchgehend,86,60,39,iO,4.5,210,249
839243,30.09.19,Montag,Durchgehend,17,46,32,iO,1.6,191,226
839244,01.10.19,Dienstag,Durchgehend,80,58,50,iO,0.2,198,244
839245,02.10.19,Mittwoch,Durchgehend,91,25,50,iO,1.5,199,252
839246,03.10.19,Donnerstag,Durchgehend,39,64,58,iO,3.5,196,268
839247,04.10.19,Freitag,Durchgehend,36,35,4,iO,1.2,198,251
839248,05.10.19,Samstag,Zwischenkalibrierung,87,10,41,iO,2.2,215,248
839249,06.10.19,Sonntag,Durchgehend,5,85,51,iO,0.7,186,267
839250,07.10.19,Montag,Durchgehend,30,64,51,iO,2.6,211,246
839251,08.10.19,Dienstag,Durchgehend,72,49,4,iO,1.2,216,234
839252,09.10.19,Mittwoch,Durchgehend,35,100,4,iO,3.2,193,242
839253,10.10.19,Donnerstag,Durchgehend,56,75,27,iO,2.8,202,258
839254,11.10.19,Freitag,Durchgehend,88,18,16,iO,3.8,204,259
839255,12.10.19,Samstag,Durchgehend,16,29,17,iO,2.8,202,234
839256,13.10.19,Sonntag,Durchgehend,41,57,36,iO,0.6,188,260
839257,14.10.19,Montag,Durchgehend,62,78,68,iO,1.6,205,262
839258,15.10.19,Dienstag,Durchgehend,84,8,13,iO,1.5,183,259
839259,16.10.19,Mittwoch,Zwischenkalibrierung,46,72,61,niO,3.9,204,266
839260,17.10.19,Donnerstag,Durchgehend,16,31,48,iO,3.2,223,242
839261,18.10.19,Freitag,Durchgehend,33,7,24,iO,4.3,202,248
839262,19.10.19,Samstag,Durchgehend,61,19,1,iO,3.4,206,253
839263,20.10.19,Sonntag,Durchgehend,68,18,14,iO,2.6,200,247
839264,21.10.19,Montag,Durchgehend,83,25,17,iO,2.7,206,252
839265,22.10.19,Dienstag,Durchgehend,31,31,4,iO,1.6,192,247
839266,23.10.19,Mittwoch,Durchgehend,19,73,24,iO,4.1,200,257
839267,24.10.19,Donnerstag,Durchgehend,99,92,22,iO,2,187,237
839268,25.10.19,Freitag,Durchgehend,43,25,34,iO,4.2,189,267
839269,26.10.19,Samstag,Durchgehend,94,47,29,iO,2.3,204,236
839270,27.10.19,Sonntag,Durchgehend,67,61,22,iO,1.4,218,237
839271,28.10.19,Montag,Durchgehend,32,81,3,iO,2.3,179,250
839272,29.10.19,Dienstag,Durchgehend,91,75,66,iO,2.5,185,257
839273,30.10.19,Mittwoch,Durchgehend,88,23,22,iO,4.5,190,251
839274,31.10.19,Donnerstag,Durchgehend,11,4,16,iO,2,191,236
839275,01.11.19,Freitag,Durchgehend,99,21,40,iO,4.7,181,250
839276,02.11.19,Samstag,Durchgehend,88,13,32,iO,2.5,191,253
839277,03.11.19,Sonntag,Durchgehend,92,66,59,iO,3.5,201,249
839278,04.11.19,Montag,Durchgehend,38,39,12,iO,4.6,190,240
839279,05.11.19,Dienstag,Durchgehend,92,24,26,iO,1.5,212,257
839280,06.11.19,Mittwoch,Durchgehend,59,77,52,iO,1.1,201,250
839281,07.11.19,Donnerstag,Durchgehend,86,80,16,iO,4.8,211,246
839282,08.11.19,Freitag,Durchgehend,70,64,51,iO,1.8,203,250
839283,09.11.19,Samstag,Zwischenkalibrierung,38,70,46,iO,2.2,201,261
839284,10.11.19,Sonntag,Durchgehend,45,53,41,iO,1.5,196,240
839285,11.11.19,Montag,Durchgehend,85,6,27,iO,1.1,185,242
839286,12.11.19,Dienstag,Durchgehend,71,99,12,iO,0.6,191,242
839287,13.11.19,Mittwoch,Durchgehend,58,74,1,iO,1.3,198,259
839288,14.11.19,Donnerstag,Durchgehend,80,54,29,iO,3,218,256
839289,15.11.19,Freitag,Durchgehend,30,89,14,iO,1.3,193,242
839290,16.11.19,Samstag,Durchgehend,71,73,29,iO,0.5,207,244
839291,17.11.19,Sonntag,Durchgehend,67,66,35,iO,2,198,238
839292,18.11.19,Montag,Unterbrochen,53,12,20,niO,3.3,181,225
839293,19.11.19,Dienstag,Durchgehend,3,31,40,iO,0.7,207,261
839294,20.11.19,Mittwoch,Durchgehend,52,46,18,iO,4.5,191,244
839295,21.11.19,Donnerstag,Durchgehend,60,66,26,iO,1.2,231,244
839296,22.11.19,Freitag,Durchgehend,0,79,1,iO,0.1,192,246
839297,23.11.19,Samstag,Durchgehend,59,44,22,iO,0.4,200,244
839298,24.11.19,Sonntag,Durchgehend,79,79,31,iO,,199,243
839299,25.11.19,Montag,Durchgehend,55,83,35,iO,1.2,210,251
839300,26.11.19,Dienstag,Durchgehend,41,8,16,iO,0.5,200,252
839301,27.11.19,Mittwoch,Durchgehend,24,53,65,iO,1.8,206,249
839302,28.11.19,Donnerstag,Zwischenkalibrierung,98,16,56,niO,3.2,201,252
839303,29.11.19,Freitag,Durchgehend,54,36,1,iO,1.3,206,250
839304,30.11.19,Samstag,Durchgehend,59,19,29,iO,0.5,197,258
839305,01.12.19,Sonntag,Durchgehend,34,17,35,iO,4.1,194,261
839306,02.12.19,Montag,Durchgehend,56,60,54,iO,3.9,194,256
839307,03.12.19,Dienstag,Durchgehend,3,19,24,iO,0.3,196,224
839308,04.12.19,Mittwoch,Durchgehend,53,38,48,iO,2.5,193,258
839309,05.12.19,Donnerstag,Durchgehend,72,73,50,iO,2,204,242
839310,06.12.19,Freitag,Durchgehend,19,100,55,iO,4.8,211,232
839311,07.12.19,Samstag,Durchgehend,66,6,45,iO,1.2,192,239
839312,08.12.19,Sonntag,Durchgehend,84,70,40,iO,2.8,209,256
839313,09.12.19,Montag,Zwischenkalibrierung,44,51,50,iO,4,207,242
839314,10.12.19,Dienstag,Durchgehend,50,20,68,iO,0,197,252
839315,11.12.19,Mittwoch,Durchgehend,70,17,37,iO,1,200,250
839316,12.12.19,Donnerstag,Zwischenkalibrierung,63,76,17,niO,4.7,182,233
839317,13.12.19,Freitag,Durchgehend,77,2,17,iO,0.8,208,258
839318,14.12.19,Samstag,Durchgehend,23,69,65,iO,3.7,184,262
839319,15.12.19,Sonntag,Durchgehend,95,22,64,iO,0.9,199,252
839320,16.12.19,Montag,Durchgehend,96,68,64,iO,3,186,238
839321,17.12.19,Dienstag,Durchgehend,72,97,65,iO,0.2,189,252
839322,18.12.19,Mittwoch,Durchgehend,37,34,66,iO,2.9,185,237
839323,19.12.19,Donnerstag,Durchgehend,53,2,48,iO,2.2,208,241
839324,20.12.19,Freitag,Durchgehend,29,45,52,iO,1.7,190,240
839325,21.12.19,Samstag,Durchgehend,17,80,65,iO,4.4,193,243
839326,22.12.19,Sonntag,Durchgehend,70,90,58,iO,3.8,208,245
839327,23.12.19,Montag,Zwischenkalibrierung,99,73,53,niO,4.6,203,264
839328,24.12.19,Dienstag,Durchgehend,21,41,32,iO,3.8,207,257
839329,25.12.19,Mittwoch,Durchgehend,7,35,4,iO,3.4,199,245
839330,26.12.19,Donnerstag,Durchgehend,71,77,70,iO,4,205,240
839331,27.12.19,Freitag,Durchgehend,34,27,70,iO,0.3,190,225
839332,28.12.19,Samstag,Durchgehend,26,2,49,iO,3.8,207,246
839333,29.12.19,Sonntag,Durchgehend,45,38,59,iO,4.4,219,240
839334,30.12.19,Montag,Durchgehend,90,74,28,iO,0.6,205,250
839335,31.12.19,Dienstag,Durchgehend,21,11,64,iO,4.4,187,267
839336,01.01.20,Mittwoch,Durchgehend,92,56,32,iO,0.7,209,260
839337,02.01.20,Donnerstag,Durchgehend,28,50,42,iO,3.6,193,265
839338,03.01.20,Freitag,Durchgehend,67,94,37,niO,0.7,179,268
839339,04.01.20,Samstag,Durchgehend,69,47,38,iO,2.5,186,244
839340,05.01.20,Sonntag,Durchgehend,47,84,32,iO,3.7,209,255
839341,06.01.20,Montag,Durchgehend,4,95,14,iO,,198,243
839342,07.01.20,Dienstag,Durchgehend,8,32,50,iO,1.4,204,243
839343,08.01.20,Mittwoch,Durchgehend,7,53,56,iO,3.7,208,254
839344,09.01.20,Donnerstag,Durchgehend,27,55,37,iO,0.4,192,243
839345,10.01.20,Freitag,Durchgehend,30,78,28,niO,5,204,242
839346,11.01.20,Samstag,Durchgehend,35,16,32,iO,2.6,208,251
839347,12.01.20,Sonntag,Durchgehend,9,11,41,iO,2.9,194,248
839348,13.01.20,Montag,Durchgehend,69,76,61,iO,0.5,196,247
839349,14.01.20,Dienstag,Durchgehend,58,72,16,niO,1.4,188,284
839350,15.01.20,Mittwoch,Durchgehend,75,62,7,iO,2.7,189,242
839351,16.01.20,Donnerstag,Zwischenkalibrierung,35,20,65,iO,2.9,200,253
839352,17.01.20,Freitag,Durchgehend,73,68,39,niO,3.7,176,244
839353,18.01.20,Samstag,Durchgehend,74,32,57,iO,1.7,193,242
839354,19.01.20,Sonntag,Durchgehend,97,60,30,iO,0.3,197,257
839355,20.01.20,Montag,Durchgehend,53,38,16,iO,1.6,188,236
839356,21.01.20,Dienstag,Durchgehend,34,93,24,iO,4,204,247
839357,22.01.20,Mittwoch,Durchgehend,55,43,27,niO,5,204,246
839358,23.01.20,Donnerstag,Durchgehend,35,30,33,iO,3.1,207,262
839359,24.01.20,Freitag,Durchgehend,5,96,26,iO,4.8,198,251
839360,25.01.20,Samstag,Durchgehend,33,14,44,iO,2.5,203,247
839361,26.01.20,Sonntag,Durchgehend,58,60,37,iO,2.9,201,246
839362,27.01.20,Montag,Durchgehend,94,12,53,iO,2.9,211,256
839363,28.01.20,Dienstag,Durchgehend,99,22,48,niO,4.9,203,258
839364,29.01.20,Mittwoch,Durchgehend,39,60,65,iO,2.8,201,262
839365,30.01.20,Donnerstag,Durchgehend,3,63,35,iO,1.8,198,254
839366,31.01.20,Freitag,Durchgehend,88,73,28,iO,1.5,187,255
839367,01.02.20,Samstag,Durchgehend,18,2,53,iO,1.3,200,234
839368,02.02.20,Sonntag,Durchgehend,80,16,59,iO,2,199,253
839369,03.02.20,Montag,Durchgehend,29,48,10,iO,2.4,205,254
839370,04.02.20,Dienstag,Durchgehend,5,50,52,iO,4.8,214,240
839371,05.02.20,Mittwoch,Durchgehend,72,17,53,iO,4.5,209,241
839372,06.02.20,Donnerstag,Durchgehend,87,18,41,iO,4.6,198,238
839373,07.02.20,Freitag,Durchgehend,37,85,45,iO,3.2,187,250
839374,08.02.20,Samstag,Durchgehend,14,18,51,iO,1.3,191,248
839375,09.02.20,Sonntag,Durchgehend,80,6,20,iO,0.4,224,249
839376,10.02.20,Montag,Durchgehend,9,37,16,iO,1.4,206,250
839377,11.02.20,Dienstag,Durchgehend,31,13,38,iO,2.8,199,263
839378,12.02.20,Mittwoch,Durchgehend,18,7,47,iO,1.5,210,246
839379,13.02.20,Donnerstag,Durchgehend,19,13,38,iO,4.6,208,254
839380,14.02.20,Freitag,Durchgehend,41,23,12,iO,4.3,197,243
839381,15.02.20,Samstag,Durchgehend,89,18,46,iO,4.5,194,265
839382,16.02.20,Sonntag,Durchgehend,58,0,10,iO,3.8,186,231
839383,17.02.20,Montag,Durchgehend,65,86,8,iO,3.9,199,248
839384,18.02.20,Dienstag,Durchgehend,12,77,64,iO,3.6,203,244
839385,19.02.20,Mittwoch,Durchgehend,98,22,55,iO,2.1,200,260
839386,20.02.20,Donnerstag,Durchgehend,66,62,45,iO,3.2,203,249
839387,21.02.20,Freitag,Durchgehend,38,31,58,iO,0,200,253
839388,22.02.20,Samstag,Durchgehend,64,11,2,iO,3.1,216,247
839389,23.02.20,Sonntag,Durchgehend,2,72,1,iO,3.4,197,253
839390,24.02.20,Montag,Durchgehend,26,6,41,iO,3.2,195,264
839391,25.02.20,Dienstag,Durchgehend,65,71,0,iO,4.4,189,267
839392,26.02.20,Mittwoch,Durchgehend,36,6,6,iO,4.1,194,254
839393,27.02.20,Donnerstag,Durchgehend,60,5,5,iO,1.3,207,257
839394,28.02.20,Freitag,Durchgehend,91,36,69,iO,1.7,192,243
839395,29.02.20,Samstag,Durchgehend,32,29,22,niO,4.9,211,265
839396,01.03.20,Sonntag,Durchgehend,5,70,29,iO,1.2,211,252
839397,02.03.20,Montag,Durchgehend,53,68,53,iO,4.7,220,248
839398,03.03.20,Dienstag,Durchgehend,13,76,24,iO,4.3,204,241
839399,04.03.20,Mittwoch,Durchgehend,78,62,51,iO,2.2,184,252
839400,05.03.20,Donnerstag,Durchgehend,99,91,23,iO,2.2,199,248
839401,06.03.20,Freitag,Durchgehend,96,48,14,iO,1.3,213,263
839402,07.03.20,Samstag,Durchgehend,24,40,16,iO,0.1,193,263
839403,08.03.20,Sonntag,Durchgehend,53,61,53,iO,3.4,199,239
839404,09.03.20,Montag,Durchgehend,99,16,3,iO,3.9,208,242
839405,10.03.20,Dienstag,Durchgehend,73,38,49,iO,1.4,216,249
839406,11.03.20,Mittwoch,Durchgehend,73,24,41,iO,3.5,200,248
839407,12.03.20,Donnerstag,Durchgehend,66,7,31,iO,2.6,223,253
839408,13.03.20,Freitag,Durchgehend,96,95,42,iO,1.3,194,235
839409,14.03.20,Samstag,Durchgehend,60,15,22,iO,3.8,180,247
839410,15.03.20,Sonntag,Durchgehend,61,61,17,iO,2.8,199,251
839411,16.03.20,Montag,Durchgehend,22,100,69,iO,0.5,198,253
839412,17.03.20,Dienstag,Durchgehend,63,56,47,iO,2.7,199,246
839413,18.03.20,Mittwoch,Durchgehend,26,41,46,iO,1.4,198,236
839414,19.03.20,Donnerstag,Durchgehend,8,1,16,niO,4.9,214,271
839415,20.03.20,Freitag,Durchgehend,7,59,51,iO,2.6,207,237
839416,21.03.20,Samstag,Durchgehend,27,63,15,iO,3,189,265
839417,22.03.20,Sonntag,Durchgehend,55,63,34,iO,1.7,182,253
839418,23.03.20,Montag,Durchgehend,16,85,68,iO,3.5,197,252
839419,24.03.20,Dienstag,Durchgehend,81,9,28,iO,1.8,212,250
839420,25.03.20,Mittwoch,Durchgehend,62,16,21,iO,3.7,207,246
839421,26.03.20,Donnerstag,Durchgehend,68,70,60,iO,1.5,206,243
839422,27.03.20,Freitag,Durchgehend,28,96,10,iO,4,219,260
839423,28.03.20,Samstag,Durchgehend,33,14,38,iO,0.4,212,246
839424,29.03.20,Sonntag,Durchgehend,37,91,43,iO,4.6,202,253
839425,30.03.20,Montag,Durchgehend,37,95,59,iO,2.1,212,235
839426,31.03.20,Dienstag,Unterbrochen,62,0,66,niO,3.9,195,239
839427,01.04.20,Mittwoch,Durchgehend,14,99,8,iO,3.4,205,260
839428,02.04.20,Donnerstag,Durchgehend,46,97,26,iO,1.4,203,252
839429,03.04.20,Freitag,Durchgehend,22,67,5,iO,4,186,258
839430,04.04.20,Samstag,Durchgehend,9,85,25,iO,1.7,183,244
839431,05.04.20,Sonntag,Durchgehend,67,9,25,iO,3,201,243
839432,06.04.20,Montag,Durchgehend,4,45,15,iO,3.8,208,245
839433,07.04.20,Dienstag,Durchgehend,68,79,25,iO,0.3,221,235
839434,08.04.20,Mittwoch,Durchgehend,25,21,42,iO,4.8,205,256
839435,09.04.20,Donnerstag,Durchgehend,48,40,41,iO,0.5,201,247
839436,10.04.20,Freitag,Durchgehend,5,34,68,iO,1.8,195,258
839437,11.04.20,Samstag,Durchgehend,5,79,38,iO,1.8,208,256
839438,12.04.20,Sonntag,Zwischenkalibrierung,38,70,67,niO,3,202,251
839439,13.04.20,Montag,Durchgehend,58,38,62,iO,2.3,181,241
839440,14.04.20,Dienstag,Durchgehend,46,60,10,iO,0.3,202,251
839441,15.04.20,Mittwoch,Durchgehend,35,19,70,iO,4.1,201,251
839442,16.04.20,Donnerstag,Durchgehend,63,90,30,iO,0,189,259
839443,17.04.20,Freitag,Durchgehend,44,63,54,iO,1,195,250
839444,18.04.20,Samstag,Zwischenkalibrierung,16,96,56,iO,2.8,188,267
839445,19.04.20,Sonntag,Durchgehend,36,5,19,iO,0.1,200,244
839446,20.04.20,Montag,Durchgehend,63,63,21,iO,1.2,199,245
839447,21.04.20,Dienstag,Durchgehend,28,74,46,iO,2.2,217,246
839448,22.04.20,Mittwoch,Durchgehend,44,54,45,iO,0.2,219,256
839449,23.04.20,Donnerstag,Durchgehend,28,56,10,iO,4.5,201,261
839450,24.04.20,Freitag,Zwischenkalibrierung,46,33,41,niO,2.1,198,245
839451,25.04.20,Samstag,Durchgehend,92,14,7,iO,4.3,186,262
839452,26.04.20,Sonntag,Durchgehend,98,62,23,iO,0.3,212,257
839453,27.04.20,Montag,Durchgehend,93,47,18,iO,1.9,223,235
839454,28.04.20,Dienstag,Durchgehend,58,29,66,iO,4.3,199,270
839455,29.04.20,Mittwoch,Durchgehend,77,36,51,iO,4.6,204,237
839456,30.04.20,Donnerstag,Durchgehend,54,54,13,iO,2.2,196,249
839457,01.05.20,Freitag,Durchgehend,85,78,34,iO,4.5,189,257
839458,02.05.20,Samstag,Durchgehend,91,33,69,iO,2.9,192,251
839459,03.05.20,Sonntag,Durchgehend,85,85,38,iO,3,202,272
839460,04.05.20,Montag,Durchgehend,10,19,10,iO,2.5,220,251
839461,05.05.20,Dienstag,Durchgehend,98,74,15,iO,1.4,200,258
839462,06.05.20,Mittwoch,Durchgehend,19,54,20,iO,3.9,193,250
839463,07.05.20,Donnerstag,Durchgehend,96,98,23,iO,0.4,217,251
839464,08.05.20,Freitag,Durchgehend,31,100,42,iO,4.7,208,259
839465,09.05.20,Samstag,Durchgehend,90,41,44,niO,2.4,178,245
839466,10.05.20,Sonntag,Durchgehend,87,48,4,iO,3,202,246
839467,11.05.20,Montag,Durchgehend,79,72,18,iO,1.6,201,229
839468,12.05.20,Dienstag,Durchgehend,29,98,68,iO,2.1,211,231
839469,13.05.20,Mittwoch,Durchgehend,2,8,10,niO,1.1,196,277
839470,14.05.20,Donnerstag,Durchgehend,31,3,56,iO,2.2,193,257
839471,15.05.20,Freitag,Durchgehend,3,83,52,iO,2.5,193,267
839472,16.05.20,Samstag,Durchgehend,14,61,38,iO,3.8,213,258
839473,17.05.20,Sonntag,Durchgehend,30,40,7,iO,1,216,246
839474,18.05.20,Montag,Durchgehend,89,84,43,iO,1.5,204,269
839475,19.05.20,Dienstag,Durchgehend,43,72,35,iO,1.9,193,238
839476,20.05.20,Mittwoch,Unterbrochen,17,40,46,niO,1.4,212,256
839477,21.05.20,Donnerstag,Durchgehend,22,69,15,iO,3.7,195,245
839478,22.05.20,Freitag,Durchgehend,48,95,59,iO,3,194,247
839479,23.05.20,Samstag,Durchgehend,66,81,68,iO,3.4,239,256
839480,24.05.20,Sonntag,Durchgehend,36,78,43,iO,3.6,210,236
839481,25.05.20,Montag,Durchgehend,83,5,36,iO,1.8,199,250
839482,26.05.20,Dienstag,Durchgehend,84,95,12,iO,3.1,213,246
839483,27.05.20,Mittwoch,Durchgehend,52,16,36,iO,1.8,193,247
839484,28.05.20,Donnerstag,Durchgehend,16,53,27,iO,1.5,209,255
839485,29.05.20,Freitag,Durchgehend,96,79,61,iO,1.2,197,252
839486,30.05.20,Samstag,Durchgehend,94,69,3,iO,0.5,186,243
839487,31.05.20,Sonntag,Durchgehend,72,17,15,iO,2.1,192,260
839488,01.06.20,Montag,Durchgehend,84,37,43,iO,4.4,195,255
839489,02.06.20,Dienstag,Durchgehend,88,32,48,iO,3.4,203,253
839490,03.06.20,Mittwoch,Durchgehend,40,67,46,iO,4.4,216,250
839491,04.06.20,Donnerstag,Durchgehend,43,82,53,iO,2.2,210,248
839492,05.06.20,Freitag,Zwischenkalibrierung,61,45,5,iO,1.8,214,252
839493,06.06.20,Samstag,Durchgehend,78,76,30,iO,3.4,212,263
839494,07.06.20,Sonntag,Durchgehend,20,74,28,iO,1.8,199,243
839495,08.06.20,Montag,Durchgehend,31,46,6,iO,2.2,211,248
839496,09.06.20,Dienstag,Durchgehend,71,13,20,iO,1.9,214,267
839497,10.06.20,Mittwoch,Durchgehend,52,53,13,niO,4.5,177,245
839498,11.06.20,Donnerstag,Durchgehend,63,30,54,iO,4.2,204,251
839499,12.06.20,Freitag,Zwischenkalibrierung,50,48,16,iO,2.1,213,249
839500,13.06.20,Samstag,Durchgehend,5,12,68,iO,0.3,204,253
839501,14.06.20,Sonntag,Durchgehend,22,67,45,iO,4.2,207,244
839502,15.06.20,Montag,Durchgehend,74,9,30,niO,5,190,241
839503,16.06.20,Dienstag,Durchgehend,59,35,4,iO,4.8,198,253
839504,17.06.20,Mittwoch,Durchgehend,76,35,69,iO,4.2,193,258
839505,18.06.20,Donnerstag,Durchgehend,26,27,15,iO,2.8,201,237
839506,19.06.20,Freitag,Durchgehend,60,17,19,iO,1.9,188,272
839507,20.06.20,Samstag,Durchgehend,82,46,20,iO,1.8,200,254
839508,21.06.20,Sonntag,Durchgehend,92,15,38,iO,3.4,199,263
839509,22.06.20,Montag,Durchgehend,25,45,47,niO,5,218,247
839510,23.06.20,Dienstag,Durchgehend,39,60,10,iO,3.5,184,237
839511,24.06.20,Mittwoch,Durchgehend,23,67,39,iO,0.4,193,263
839512,25.06.20,Donnerstag,Durchgehend,38,57,18,iO,2.1,189,248
839513,26.06.20,Freitag,Durchgehend,95,99,58,iO,3.5,198,259
839514,27.06.20,Samstag,Zwischenkalibrierung,7,66,4,niO,2.6,186,234
839515,28.06.20,Sonntag,Durchgehend,61,75,26,iO,1.6,208,243
839516,29.06.20,Montag,Durchgehend,83,45,69,iO,3.2,197,262
839517,30.06.20,Dienstag,Durchgehend,34,65,47,iO,0.1,210,248
839518,01.07.20,Mittwoch,Durchgehend,54,9,67,iO,3.2,197,243
839519,02.07.20,Donnerstag,Durchgehend,29,42,8,iO,0.4,207,260
839520,03.07.20,Freitag,Durchgehend,56,20,53,iO,3.1,195,266
839521,04.07.20,Samstag,Durchgehend,54,45,39,iO,1,215,249
839522,05.07.20,Sonntag,Durchgehend,27,69,68,iO,2.2,187,245
839523,06.07.20,Montag,Durchgehend,14,82,29,iO,1.5,191,239
839524,07.07.20,Dienstag,Durchgehend,48,42,50,iO,1.6,218,245
839525,08.07.20,Mittwoch,Durchgehend,4,14,46,iO,1,205,268
839526,09.07.20,Donnerstag,Durchgehend,67,76,51,iO,3.5,220,250
839527,10.07.20,Freitag,Durchgehend,91,30,58,iO,1.7,213,260
839528,11.07.20,Samstag,Durchgehend,16,25,43,iO,4,209,239
839529,12.07.20,Sonntag,Durchgehend,81,24,62,iO,1.6,194,247
839530,13.07.20,Montag,Durchgehend,43,28,64,iO,3.1,197,257
839531,14.07.20,Dienstag,Durchgehend,43,92,52,iO,1.9,192,254
839532,15.07.20,Mittwoch,Durchgehend,83,85,13,iO,3.7,211,242
839533,16.07.20,Donnerstag,Zwischenkalibrierung,96,97,67,niO,3.4,193,236
839534,17.07.20,Freitag,Durchgehend,44,41,23,iO,1.8,204,256
839535,18.07.20,Samstag,Durchgehend,46,40,61,iO,1.8,214,241
839536,19.07.20,Sonntag,Durchgehend,8,37,16,iO,2,193,243
839537,20.07.20,Montag,Durchgehend,3,38,14,iO,1.8,214,250
839538,21.07.20,Dienstag,Durchgehend,95,61,23,iO,1,200,255
839539,22.07.20,Mittwoch,Durchgehend,9,90,26,iO,1.4,181,246
839540,23.07.20,Donnerstag,Durchgehend,5,77,48,iO,1.1,190,263
839541,24.07.20,Freitag,Durchgehend,38,25,42,iO,0.1,207,245
839542,25.07.20,Samstag,Durchgehend,20,4,66,iO,1.2,194,261
839543,26.07.20,Sonntag,Durchgehend,10,12,9,iO,1.5,210,253
839544,27.07.20,Montag,Zwischenkalibrierung,48,92,4,niO,4.3,225,255
839545,28.07.20,Dienstag,Durchgehend,60,80,58,iO,1.2,190,265
839546,29.07.20,Mittwoch,Durchgehend,93,48,34,iO,4.8,220,226
839547,30.07.20,Donnerstag,Durchgehend,92,90,11,iO,3.7,190,257
839548,31.07.20,Freitag,Durchgehend,97,15,46,niO,0.2,170,241
839549,01.08.20,Samstag,Durchgehend,84,20,35,iO,4.2,192,261
839550,02.08.20,Sonntag,Durchgehend,20,11,35,iO,2.1,215,248
839551,03.08.20,Montag,Durchgehend,12,36,57,iO,2.8,190,262
839552,04.08.20,Dienstag,Durchgehend,45,91,48,iO,1.1,192,247
839553,05.08.20,Mittwoch,Durchgehend,44,11,18,iO,4.2,215,236
839554,06.08.20,Donnerstag,Durchgehend,51,44,69,iO,1.6,196,255
839555,07.08.20,Freitag,Durchgehend,95,79,11,iO,2.2,210,248
839556,08.08.20,Samstag,Durchgehend,65,98,50,iO,4.7,209,238
839557,09.08.20,Sonntag,Durchgehend,75,36,20,iO,3.3,182,263
839558,10.08.20,Montag,Durchgehend,78,28,33,iO,2.5,212,261
839559,11.08.20,Dienstag,Durchgehend,60,77,12,iO,1,210,246
839560,12.08.20,Mittwoch,Durchgehend,14,83,55,iO,0.8,209,247
839561,13.08.20,Donnerstag,Durchgehend,79,9,66,iO,2.8,205,257
839562,14.08.20,Freitag,Durchgehend,26,29,53,niO,2.2,173,258
839563,15.08.20,Samstag,Durchgehend,66,26,49,iO,0.1,184,247
839564,16.08.20,Sonntag,Durchgehend,24,59,47,iO,1.2,211,251
839565,17.08.20,Montag,Durchgehend,25,5,0,iO,4,196,251
839566,18.08.20,Dienstag,Durchgehend,46,91,65,niO,3.2,177,268
839567,19.08.20,Mittwoch,Durchgehend,46,2,50,iO,4,206,252
839568,20.08.20,Donnerstag,Durchgehend,97,30,9,niO,4.9,209,265
839569,21.08.20,Freitag,Durchgehend,85,56,19,niO,5,192,264
839570,22.08.20,Samstag,Durchgehend,89,82,23,iO,4.6,207,251
839571,23.08.20,Sonntag,Durchgehend,85,26,27,iO,2.1,183,243
839572,24.08.20,Montag,Durchgehend,72,43,25,iO,1.4,196,252
839573,25.08.20,Dienstag,Durchgehend,12,76,18,iO,0.3,211,256
839574,26.08.20,Mittwoch,Durchgehend,88,1,35,iO,2.3,218,241
839575,27.08.20,Donnerstag,Durchgehend,70,14,35,iO,2.6,205,250
839576,28.08.20,Freitag,Durchgehend,75,99,63,iO,1.6,190,255
839577,29.08.20,Samstag,Durchgehend,17,70,2,iO,4.6,201,254
839578,30.08.20,Sonntag,Durchgehend,60,62,50,iO,0.1,214,257
839579,31.08.20,Montag,Durchgehend,2,51,0,iO,4.7,189,246
839580,01.09.20,Dienstag,Durchgehend,54,62,57,iO,1.8,198,239
839581,02.09.20,Mittwoch,Durchgehend,27,31,8,iO,1.1,194,266
839582,03.09.20,Donnerstag,Durchgehend,54,57,3,iO,2.7,207,256
839583,04.09.20,Freitag,Durchgehend,5,65,45,iO,2.9,196,256
839584,05.09.20,Samstag,Durchgehend,68,62,12,iO,4.2,203,237
839585,06.09.20,Sonntag,Durchgehend,43,99,25,iO,1.3,189,253
839586,07.09.20,Montag,Durchgehend,67,34,39,iO,4.4,211,265
839587,08.09.20,Dienstag,Durchgehend,10,71,69,iO,0.1,179,233
839588,09.09.20,Mittwoch,Durchgehend,65,88,51,niO,4.9,195,254
839589,10.09.20,Donnerstag,Durchgehend,82,22,17,iO,0.6,197,237
839590,11.09.20,Freitag,Durchgehend,98,29,42,iO,2.5,226,249
839591,12.09.20,Samstag,Durchgehend,69,65,38,iO,,206,248
839592,13.09.20,Sonntag,Durchgehend,32,90,65,iO,3.5,191,243
839593,14.09.20,Montag,Durchgehend,15,80,65,iO,4.6,194,242
839594,15.09.20,Dienstag,Unterbrochen,36,17,36,niO,2.3,203,273
839595,16.09.20,Mittwoch,Durchgehend,19,93,36,iO,1.5,209,259
839596,17.09.20,Donnerstag,Durchgehend,6,73,53,iO,1.1,205,255
839597,18.09.20,Freitag,Durchgehend,39,55,29,iO,3.7,202,250
839598,19.09.20,Samstag,Durchgehend,80,33,57,iO,2.4,194,245
839599,20.09.20,Sonntag,Durchgehend,73,11,24,iO,2.1,188,241
839600,21.09.20,Montag,Durchgehend,72,42,69,iO,0.5,194,240
839601,22.09.20,Dienstag,Durchgehend,82,12,65,iO,1.6,192,239
839602,23.09.20,Mittwoch,Durchgehend,63,63,57,iO,2.8,187,254
839603,24.09.20,Donnerstag,Durchgehend,44,12,37,iO,4.5,194,254
839604,25.09.20,Freitag,Durchgehend,57,39,42,iO,2.2,187,256
839605,26.09.20,Samstag,Durchgehend,71,12,58,iO,0.7,195,267
839606,27.09.20,Sonntag,Durchgehend,87,99,14,iO,0.5,186,274
839607,28.09.20,Montag,Durchgehend,51,52,1,iO,4.3,211,244
839608,29.09.20,Dienstag,Zwischenkalibrierung,59,12,9,iO,2.1,200,237
839609,30.09.20,Mittwoch,Durchgehend,77,85,15,iO,4.5,211,239
839610,01.10.20,Donnerstag,Zwischenkalibrierung,56,67,63,niO,2.8,208,229
839611,02.10.20,Freitag,Durchgehend,57,80,25,iO,0.5,189,248
839612,03.10.20,Samstag,Durchgehend,60,67,61,iO,1.8,210,249
839613,04.10.20,Sonntag,Durchgehend,66,8,42,iO,3.8,180,258
839614,05.10.20,Montag,Durchgehend,58,81,21,iO,3,221,251
839615,06.10.20,Dienstag,Durchgehend,86,22,94,niO,0.5,188,249
839616,07.10.20,Mittwoch,Durchgehend,3,89,38,iO,4,196,246
839617,08.10.20,Donnerstag,Durchgehend,49,67,13,niO,5,186,241
839618,09.10.20,Freitag,Durchgehend,27,66,48,iO,0,193,254
839619,10.10.20,Samstag,Durchgehend,28,20,27,iO,0.3,186,251
839620,11.10.20,Sonntag,Durchgehend,16,4,55,iO,3.4,195,234
839621,12.10.20,Montag,Durchgehend,15,57,66,iO,4.1,203,244
839622,13.10.20,Dienstag,Durchgehend,8,65,49,iO,3.8,195,259
839623,14.10.20,Mittwoch,Durchgehend,75,37,47,iO,3.5,190,264
839624,15.10.20,Donnerstag,Durchgehend,97,51,11,iO,0.1,210,249
839625,16.10.20,Freitag,Durchgehend,63,91,53,iO,1.1,208,247
839626,17.10.20,Samstag,Durchgehend,83,43,63,iO,4.3,218,251
839627,18.10.20,Sonntag,Durchgehend,36,26,9,iO,1.9,209,243
839628,19.10.20,Montag,Durchgehend,26,100,48,iO,0.5,188,260
839629,20.10.20,Dienstag,Zwischenkalibrierung,3,96,24,niO,2.5,209,248
839630,21.10.20,Mittwoch,Durchgehend,78,7,13,iO,1.8,205,248
839631,22.10.20,Donnerstag,Durchgehend,29,34,24,niO,1.4,178,253
839632,23.10.20,Freitag,Durchgehend,7,46,16,niO,4.9,198,237
839633,24.10.20,Samstag,Durchgehend,84,4,18,iO,3,184,232
839634,25.10.20,Sonntag,Durchgehend,75,28,43,iO,3.3,183,245
839635,26.10.20,Montag,Durchgehend,4,89,9,iO,2.1,197,240
839636,27.10.20,Dienstag,Durchgehend,39,25,32,niO,4.9,201,247
839637,28.10.20,Mittwoch,Durchgehend,6,53,37,iO,0.6,198,274
839638,29.10.20,Donnerstag,Durchgehend,91,35,53,iO,2.7,190,240
839639,30.10.20,Freitag,Durchgehend,54,8,29,iO,4.1,215,265
839640,31.10.20,Samstag,Durchgehend,48,19,2,iO,2.2,220,256
839641,01.11.20,Sonntag,Durchgehend,10,94,34,iO,3.2,212,254
839642,02.11.20,Montag,Durchgehend,9,78,91,niO,2.4,196,242
839643,03.11.20,Dienstag,Durchgehend,40,68,44,iO,4.8,196,249
839644,04.11.20,Mittwoch,Durchgehend,26,77,40,iO,0.7,199,249
839645,05.11.20,Donnerstag,Durchgehend,17,30,55,iO,3.1,207,242
839646,06.11.20,Freitag,Durchgehend,69,21,14,iO,4.1,211,268
839647,07.11.20,Samstag,Durchgehend,34,14,62,iO,1.7,194,255
839648,08.11.20,Sonntag,Durchgehend,28,99,36,iO,3,200,243
839649,09.11.20,Montag,Durchgehend,13,92,47,iO,4,208,256
839650,10.11.20,Dienstag,Durchgehend,93,49,32,iO,0.7,213,253
839651,11.11.20,Mittwoch,Durchgehend,47,6,49,iO,2.1,195,231
839652,12.11.20,Donnerstag,Durchgehend,66,18,48,iO,4.7,203,256
839653,13.11.20,Freitag,Durchgehend,16,89,67,iO,0.8,214,249
839654,14.11.20,Samstag,Durchgehend,68,28,8,niO,2.8,177,246
839655,15.11.20,Sonntag,Durchgehend,94,57,59,iO,2.6,202,254
839656,16.11.20,Montag,Durchgehend,35,17,62,iO,4.5,206,262
839657,17.11.20,Dienstag,Durchgehend,9,93,7,iO,3.4,189,242
839658,18.11.20,Mittwoch,Durchgehend,13,87,36,iO,1.8,202,254
839659,19.11.20,Donnerstag,Durchgehend,50,27,52,iO,0.6,204,260
839660,20.11.20,Freitag,Durchgehend,9,32,1,iO,3.6,195,259
839661,21.11.20,Samstag,Zwischenkalibrierung,11,58,48,niO,1.8,194,240
839662,22.11.20,Sonntag,Durchgehend,34,67,51,iO,4.4,201,252
839663,23.11.20,Montag,Durchgehend,71,63,63,iO,1.1,195,254
839664,24.11.20,Dienstag,Durchgehend,64,24,20,niO,5,199,262
839665,25.11.20,Mittwoch,Durchgehend,24,86,57,iO,2.7,206,233
839666,26.11.20,Donnerstag,Durchgehend,47,84,31,iO,2.2,200,233
839667,27.11.20,Freitag,Durchgehend,35,11,12,iO,3.6,196,254
839668,28.11.20,Samstag,Durchgehend,5,35,2,niO,3,179,244
839669,29.11.20,Sonntag,Durchgehend,18,36,24,iO,0.2,198,241
839670,30.11.20,Montag,Durchgehend,59,60,16,iO,1.9,202,236
839671,01.12.20,Dienstag,Durchgehend,64,12,70,iO,1.2,211,240
839672,02.12.20,Mittwoch,Durchgehend,81,64,64,iO,1,210,233
839673,03.12.20,Donnerstag,Durchgehend,13,70,40,iO,3.5,217,261
839674,04.12.20,Freitag,Durchgehend,15,87,67,iO,0,183,246
839675,05.12.20,Samstag,Zwischenkalibrierung,55,2,13,niO,2.7,205,246
839676,06.12.20,Sonntag,Durchgehend,4,83,5,iO,1.8,195,242
839677,07.12.20,Montag,Durchgehend,70,14,63,iO,4.6,219,228
839678,08.12.20,Dienstag,Durchgehend,77,55,60,niO,4.2,176,246
839679,09.12.20,Mittwoch,Durchgehend,47,71,15,iO,3.9,200,265
839680,10.12.20,Donnerstag,Durchgehend,27,27,33,iO,2.6,200,249
839681,11.12.20,Freitag,Durchgehend,42,76,7,iO,3.2,186,248
839682,12.12.20,Samstag,Durchgehend,50,54,35,iO,2.1,202,251
839683,13.12.20,Sonntag,Durchgehend,52,15,45,iO,0.3,191,250
839684,14.12.20,Montag,Durchgehend,62,93,10,iO,2.9,194,252
839685,15.12.20,Dienstag,Durchgehend,47,98,19,iO,3.6,204,252
839686,16.12.20,Mittwoch,Durchgehend,60,56,2,iO,1.9,199,245
839687,17.12.20,Donnerstag,Durchgehend,72,4,30,iO,4.2,198,249
839688,18.12.20,Freitag,Durchgehend,52,10,23,iO,4.5,199,247
839689,19.12.20,Samstag,Durchgehend,38,51,32,iO,1.8,196,245
839690,20.12.20,Sonntag,Durchgehend,35,9,7,iO,0.4,201,266
839691,21.12.20,Montag,Durchgehend,99,11,2,iO,3,197,240
839692,22.12.20,Dienstag,Durchgehend,88,41,60,iO,2.3,199,235
839693,23.12.20,Mittwoch,Durchgehend,23,3,62,iO,0.6,185,250
839694,24.12.20,Donnerstag,Durchgehend,97,55,25,iO,4.7,197,247
839695,25.12.20,Freitag,Durchgehend,40,71,40,iO,1.1,200,256
839696,26.12.20,Samstag,Durchgehend,39,0,4,iO,1.1,211,243
839697,27.12.20,Sonntag,Durchgehend,5,88,67,iO,1.2,204,249
839698,28.12.20,Montag,Durchgehend,15,40,39,niO,4.9,200,215
839699,29.12.20,Dienstag,Durchgehend,92,78,6,iO,3.8,191,247
839700,30.12.20,Mittwoch,Durchgehend,79,18,51,iO,2.7,211,242
839701,31.12.20,Donnerstag,Unterbrochen,65,79,63,niO,2.1,202,248
839702,01.01.21,Freitag,Durchgehend,9,96,13,iO,1.2,199,265
839703,02.01.21,Samstag,Durchgehend,9,64,15,iO,3.3,200,243
839704,03.01.21,Sonntag,Durchgehend,69,41,35,iO,4.1,201,240
839705,04.01.21,Montag,Durchgehend,49,15,4,iO,1.4,205,261
839706,05.01.21,Dienstag,Durchgehend,70,29,61,iO,4.4,193,250
839707,06.01.21,Mittwoch,Durchgehend,15,52,48,iO,2.5,195,254
839708,07.01.21,Donnerstag,Durchgehend,51,52,58,iO,4.8,200,271
839709,08.01.21,Freitag,Durchgehend,91,29,34,niO,4.9,196,247
839710,09.01.21,Samstag,Durchgehend,72,90,3,iO,4.8,197,253
839711,10.01.21,Sonntag,Durchgehend,64,34,29,iO,4.7,202,268
839712,11.01.21,Montag,Durchgehend,66,38,29,iO,2.1,204,238
839713,12.01.21,Dienstag,Durchgehend,49,98,66,iO,2.1,202,263
839714,13.01.21,Mittwoch,Durchgehend,65,16,15,iO,1,211,238
839715,14.01.21,Donnerstag,Durchgehend,9,11,14,iO,1.1,208,235
839716,15.01.21,Freitag,Durchgehend,74,12,30,iO,2.1,206,245
839717,16.01.21,Samstag,Durchgehend,99,24,46,iO,0.7,198,263
839718,17.01.21,Sonntag,Durchgehend,7,52,63,iO,2.7,222,254
839719,18.01.21,Montag,Zwischenkalibrierung,26,76,51,niO,2.7,208,242
839720,19.01.21,Dienstag,Durchgehend,56,10,17,iO,1,200,241
839721,20.01.21,Mittwoch,Durchgehend,61,85,16,iO,3,191,243
839722,21.01.21,Donnerstag,Durchgehend,99,80,8,iO,2.5,202,233
839723,22.01.21,Freitag,Durchgehend,63,16,56,iO,2.4,198,257
839724,23.01.21,Samstag,Durchgehend,29,85,13,iO,0.1,208,232
839725,24.01.21,Sonntag,Durchgehend,37,42,48,iO,3.1,191,246
839726,25.01.21,Montag,Unterbrochen,36,51,52,niO,0.4,208,242
839727,26.01.21,Dienstag,Durchgehend,75,9,39,iO,1,203,251
839728,27.01.21,Mittwoch,Durchgehend,69,40,38,iO,0.1,225,244
839729,28.01.21,Donnerstag,Durchgehend,75,29,35,iO,3.5,192,230
839730,29.01.21,Freitag,Durchgehend,20,82,65,iO,0.6,202,264
839731,30.01.21,Samstag,Durchgehend,40,77,31,niO,4.9,181,252
839732,31.01.21,Sonntag,Durchgehend,1,75,58,iO,4,192,238
839733,01.02.21,Montag,Durchgehend,51,68,69,iO,0.8,219,263
839734,02.02.21,Dienstag,Durchgehend,70,42,10,iO,2.1,191,220
839735,03.02.21,Mittwoch,Durchgehend,3,66,23,iO,1.2,202,241
839736,04.02.21,Donnerstag,Zwischenkalibrierung,72,95,30,iO,3.1,186,261
839737,05.02.21,Freitag,Durchgehend,50,100,46,iO,2.6,190,245
839738,06.02.21,Samstag,Durchgehend,63,12,38,iO,0.7,200,248
839739,07.02.21,Sonntag,Durchgehend,57,51,22,iO,3.1,195,244
839740,08.02.21,Montag,Durchgehend,73,97,67,iO,0.1,196,241
839741,09.02.21,Dienstag,Durchgehend,88,28,22,niO,4.9,192,248
839742,10.02.21,Mittwoch,Durchgehend,6,20,49,iO,3.6,212,259
839743,11.02.21,Donnerstag,Unterbrochen,57,93,31,niO,2.1,184,228
839744,12.02.21,Freitag,Durchgehend,39,44,58,iO,1.8,196,253
839745,13.02.21,Samstag,Durchgehend,67,56,53,iO,3.7,206,250
839746,14.02.21,Sonntag,Durchgehend,10,19,26,iO,0.6,194,231
839747,15.02.21,Montag,Durchgehend,99,23,24,iO,3.2,201,238
839748,16.02.21,Dienstag,Durchgehend,43,51,64,iO,3.3,202,254
839749,17.02.21,Mittwoch,Durchgehend,7,62,10,iO,2.2,199,261
839750,18.02.21,Donnerstag,Durchgehend,8,64,62,iO,2.8,199,253
839751,19.02.21,Freitag,Durchgehend,25,52,60,iO,4.7,203,238
839752,20.02.21,Samstag,Durchgehend,72,36,50,iO,0.7,215,244
839753,21.02.21,Sonntag,Durchgehend,92,76,64,iO,0.6,205,255
839754,22.02.21,Montag,Durchgehend,18,99,68,iO,1.3,191,248
839755,23.02.21,Dienstag,Durchgehend,63,5,47,iO,1.4,201,234
839756,24.02.21,Mittwoch,Durchgehend,27,18,20,iO,4.7,199,250
839757,25.02.21,Donnerstag,Durchgehend,59,28,8,iO,2.7,201,241
839758,26.02.21,Freitag,Durchgehend,42,73,26,iO,2.8,192,229
839759,27.02.21,Samstag,Durchgehend,64,14,38,iO,1.3,208,248
839760,28.02.21,Sonntag,Durchgehend,89,16,31,iO,4.2,190,251
839761,01.03.21,Montag,Zwischenkalibrierung,70,40,13,iO,1.2,199,266
839762,02.03.21,Dienstag,Durchgehend,73,47,7,niO,4.9,202,262
839763,03.03.21,Mittwoch,Durchgehend,73,57,36,iO,1.8,182,240
839764,04.03.21,Donnerstag,Durchgehend,39,89,40,iO,4.2,200,237
839765,05.03.21,Freitag,Durchgehend,12,62,95,niO,0.2,229,274
839766,06.03.21,Samstag,Durchgehend,7,8,36,iO,2.1,203,241
839767,07.03.21,Sonntag,Zwischenkalibrierung,49,1,63,iO,0.1,210,260
839768,08.03.21,Montag,Durchgehend,64,16,58,iO,2.7,181,242
839769,09.03.21,Dienstag,Durchgehend,28,92,59,iO,3,213,256
839770,10.03.21,Mittwoch,Durchgehend,99,59,32,iO,4.8,200,258
839771,11.03.21,Donnerstag,Durchgehend,0,30,54,iO,4.8,189,263
839772,12.03.21,Freitag,Durchgehend,65,29,63,iO,1.1,206,250
839773,13.03.21,Samstag,Durchgehend,19,52,50,iO,3.1,196,232
839774,14.03.21,Sonntag,Durchgehend,41,8,68,iO,0.6,189,254
839775,15.03.21,Montag,Durchgehend,56,53,68,iO,1.2,203,244
839776,16.03.21,Dienstag,Durchgehend,55,65,17,iO,1.2,190,230
839777,17.03.21,Mittwoch,Durchgehend,14,3,39,iO,3.8,202,247
839778,18.03.21,Donnerstag,Durchgehend,2,24,61,iO,2.6,207,232
839779,19.03.21,Freitag,Durchgehend,71,33,32,iO,3.6,198,257
839780,20.03.21,Samstag,Durchgehend,8,89,20,iO,1,202,239
839781,21.03.21,Sonntag,Durchgehend,68,83,29,niO,4.9,215,262
839782,22.03.21,Montag,Durchgehend,93,35,8,iO,1,190,243
839783,23.03.21,Dienstag,Durchgehend,45,93,20,iO,2.5,198,236
839784,24.03.21,Mittwoch,Durchgehend,46,24,33,iO,0.2,190,253
839785,25.03.21,Donnerstag,Durchgehend,6,85,50,iO,0.5,181,268
839786,26.03.21,Freitag,Durchgehend,86,36,48,iO,1.6,209,235
839787,27.03.21,Samstag,Durchgehend,69,0,21,iO,1,193,253
839788,28.03.21,Sonntag,Durchgehend,47,50,60,iO,3.2,219,236
839789,29.03.21,Montag,Durchgehend,16,25,53,iO,0.5,185,264
839790,30.03.21,Dienstag,Durchgehend,44,54,41,iO,0.3,192,247
839791,31.03.21,Mittwoch,Durchgehend,85,21,10,iO,4.3,196,248
839792,01.04.21,Donnerstag,Durchgehend,97,54,66,iO,0.8,198,235
839793,02.04.21,Freitag,Durchgehend,82,64,61,iO,0.9,195,268
839794,03.04.21,Samstag,Durchgehend,83,67,24,iO,0.1,213,253
839795,04.04.21,Sonntag,Durchgehend,91,16,11,iO,0.8,192,254
839796,05.04.21,Montag,Durchgehend,52,94,23,iO,1.3,198,246
839797,06.04.21,Dienstag,Durchgehend,73,37,62,iO,4.2,200,252
839798,07.04.21,Mittwoch,Durchgehend,10,69,22,iO,2.9,200,245
839799,08.04.21,Donnerstag,Durchgehend,66,47,33,iO,3.5,202,264
839800,09.04.21,Freitag,Durchgehend,2,44,3,iO,3.3,205,248
839801,10.04.21,Samstag,Durchgehend,79,1,23,iO,3.2,205,253
839802,11.04.21,Sonntag,Durchgehend,63,95,59,niO,4.9,195,270
839803,12.04.21,Montag,Durchgehend,22,86,45,iO,3.8,190,234
839804,13.04.21,Dienstag,Durchgehend,60,54,57,iO,4.3,203,255
839805,14.04.21,Mittwoch,Durchgehend,93,67,42,iO,0.5,207,254
839806,15.04.21,Donnerstag,Durchgehend,13,56,59,iO,4.7,201,262
839807,16.04.21,Freitag,Durchgehend,51,64,64,iO,4.2,199,268
839808,17.04.21,Samstag,Durchgehend,87,21,51,iO,2.4,215,244
839809,18.04.21,Sonntag,Durchgehend,56,69,6,niO,2.8,179,260
839810,19.04.21,Montag,Durchgehend,82,99,2,iO,1.7,205,248
839811,20.04.21,Dienstag,Durchgehend,79,88,10,iO,1.8,190,242
839812,21.04.21,Mittwoch,Durchgehend,53,17,47,iO,2.2,194,232
839813,22.04.21,Donnerstag,Durchgehend,77,22,51,iO,0.5,188,240
839814,23.04.21,Freitag,Durchgehend,73,63,33,iO,1.4,195,229
839815,24.04.21,Samstag,Durchgehend,94,42,3,iO,4.6,185,256
839816,25.04.21,Sonntag,Durchgehend,7,5,69,iO,2.4,202,247
839817,26.04.21,Montag,Durchgehend,16,36,53,iO,1.7,193,241
839818,27.04.21,Dienstag,Durchgehend,96,99,19,niO,4.9,198,251
839819,28.04.21,Mittwoch,Durchgehend,79,54,37,iO,1.4,194,247
839820,29.04.21,Donnerstag,Durchgehend,32,82,61,iO,2.3,186,235
839821,30.04.21,Freitag,Durchgehend,49,53,46,iO,0.2,205,245
839822,01.05.21,Samstag,Durchgehend,63,66,1,iO,4.2,201,246
839823,02.05.21,Sonntag,Durchgehend,80,37,86,niO,1.1,207,266
839824,03.05.21,Montag,Durchgehend,70,21,37,iO,0.1,204,250
839825,04.05.21,Dienstag,Durchgehend,14,40,28,iO,3.4,205,266
839826,05.05.21,Mittwoch,Zwischenkalibrierung,41,48,17,niO,1.3,212,246
839827,06.05.21,Donnerstag,Durchgehend,93,64,38,iO,3.9,206,261
839828,07.05.21,Freitag,Durchgehend,1,64,59,iO,1.3,199,248
839829,08.05.21,Samstag,Durchgehend,29,34,42,iO,2.3,193,243
839830,09.05.21,Sonntag,Durchgehend,68,55,33,iO,1.9,190,255
839831,10.05.21,Montag,Durchgehend,32,91,4,iO,1.2,200,267
839832,11.05.21,Dienstag,Durchgehend,71,40,28,niO,5,196,230
839833,12.05.21,Mittwoch,Durchgehend,93,15,31,iO,0,186,242
839834,13.05.21,Donnerstag,Durchgehend,98,41,35,iO,1.2,207,255
839835,14.05.21,Freitag,Durchgehend,8,23,25,iO,1.8,200,237
839836,15.05.21,Samstag,Durchgehend,92,85,30,iO,1.9,217,245
839837,16.05.21,Sonntag,Durchgehend,6,49,49,niO,1.4,177,264
839838,17.05.21,Montag,Durchgehend,81,76,47,iO,1,197,251
839839,18.05.21,Dienstag,Durchgehend,83,18,54,iO,0.8,214,269
839840,19.05.21,Mittwoch,Durchgehend,74,3,16,iO,1.6,195,248
839841,20.05.21,Donnerstag,Durchgehend,67,54,60,iO,0.3,213,251
839842,21.05.21,Freitag,Durchgehend,35,62,39,iO,4.5,191,255
839843,22.05.21,Samstag,Durchgehend,98,82,16,iO,4.5,209,251
839844,23.05.21,Sonntag,Zwischenkalibrierung,21,70,10,niO,0.3,189,235
839845,24.05.21,Montag,Durchgehend,43,34,1,iO,0.1,218,264
839846,25.05.21,Dienstag,Durchgehend,57,56,25,iO,2,187,253
839847,26.05.21,Mittwoch,Durchgehend,79,58,14,iO,2.3,212,244
839848,27.05.21,Donnerstag,Durchgehend,67,41,4,iO,0.4,196,243
839849,28.05.21,Freitag,Durchgehend,89,6,58,iO,2.1,193,254
839850,29.05.21,Samstag,Unterbrochen,13,77,59,niO,1.5,202,247
839851,30.05.21,Sonntag,Durchgehend,5,10,59,iO,1.5,186,243
839852,31.05.21,Montag,Durchgehend,34,4,14,iO,0.7,214,261
839853,01.06.21,Dienstag,Durchgehend,83,79,68,iO,4.7,207,248
839854,02.06.21,Mittwoch,Durchgehend,59,57,24,iO,2.2,199,253
839855,03.06.21,Donnerstag,Durchgehend,75,66,63,iO,3.7,214,240
839856,04.06.21,Freitag,Durchgehend,87,67,32,iO,2.4,218,257
839857,05.06.21,Samstag,Durchgehend,60,4,39,niO,2.4,177,240
839858,06.06.21,Sonntag,Zwischenkalibrierung,16,100,41,niO,3.7,202,262
839859,07.06.21,Montag,Durchgehend,82,32,29,iO,4.1,211,252
839860,08.06.21,Dienstag,Durchgehend,63,79,44,iO,1,197,249
839861,09.06.21,Mittwoch,Durchgehend,100,15,9,iO,2.7,201,245
839862,10.06.21,Donnerstag,Durchgehend,10,77,36,iO,1.9,183,251
839863,11.06.21,Freitag,Durchgehend,44,45,62,iO,3.6,188,259
839864,12.06.21,Samstag,Durchgehend,0,38,36,iO,0.9,197,248
839865,13.06.21,Sonntag,Durchgehend,55,54,20,iO,3.6,208,260
839866,14.06.21,Montag,Durchgehend,59,13,59,niO,3.8,168,256
839867,15.06.21,Dienstag,Durchgehend,7,80,22,iO,1.5,193,241
839868,16.06.21,Mittwoch,Durchgehend,92,6,70,iO,1.5,203,239
839869,17.06.21,Donnerstag,Durchgehend,41,80,48,iO,3.2,205,250
839870,18.06.21,Freitag,Durchgehend,30,61,42,iO,3.3,216,265
839871,19.06.21,Samstag,Durchgehend,17,39,43,iO,0.4,203,240
839872,20.06.21,Sonntag,Durchgehend,77,6,10,niO,4.9,194,242
839873,21.06.21,Montag,Durchgehend,92,62,39,iO,1.8,203,242
839874,22.06.21,Dienstag,Durchgehend,17,40,67,iO,1,204,253
839875,23.06.21,Mittwoch,Durchgehend,2,60,3,iO,1.7,209,256
839876,24.06.21,Donnerstag,Durchgehend,53,56,68,iO,4,200,242
839877,25.06.21,Freitag,Durchgehend,25,95,49,iO,3.6,197,259
839878,26.06.21,Samstag,Durchgehend,84,92,33,iO,0.9,206,265
839879,27.06.21,Sonntag,Durchgehend,97,78,69,iO,0.4,200,256
839880,28.06.21,Montag,Durchgehend,67,94,60,iO,3.4,211,226
839881,29.06.21,Dienstag,Durchgehend,58,70,52,iO,2.1,188,247
839882,30.06.21,Mittwoch,Durchgehend,62,13,36,iO,0.7,215,259
839883,01.07.21,Donnerstag,Zwischenkalibrierung,98,68,18,iO,1.5,200,248
839884,02.07.21,Freitag,Durchgehend,6,46,53,iO,2.9,211,254
839885,03.07.21,Samstag,Durchgehend,96,43,30,iO,3.2,211,240
839886,04.07.21,Sonntag,Durchgehend,26,44,59,iO,3.4,201,257
839887,05.07.21,Montag,Durchgehend,85,17,16,iO,3,200,246
839888,06.07.21,Dienstag,Durchgehend,56,57,15,iO,2.3,192,267
839889,07.07.21,Mittwoch,Durchgehend,80,84,27,iO,1.8,207,238
839890,08.07.21,Donnerstag,Durchgehend,56,4,55,iO,2.6,197,246
839891,09.07.21,Freitag,Durchgehend,12,19,43,iO,3.5,189,241
839892,10.07.21,Samstag,Durchgehend,41,59,48,iO,4,202,245
839893,11.07.21,Sonntag,Durchgehend,50,43,32,iO,0.5,201,251
839894,12.07.21,Montag,Durchgehend,38,58,65,iO,0.3,216,262
839895,13.07.21,Dienstag,Durchgehend,81,63,19,iO,2.1,213,240
839896,14.07.21,Mittwoch,Durchgehend,100,72,53,iO,2.9,209,243
839897,15.07.21,Donnerstag,Durchgehend,5,12,54,iO,2.2,199,252
839898,16.07.21,Freitag,Durchgehend,46,67,67,iO,3.1,190,250
839899,17.07.21,Samstag,Durchgehend,90,59,29,iO,3.1,185,242
839900,18.07.21,Sonntag,Durchgehend,37,93,11,iO,1.1,196,239
839901,19.07.21,Montag,Durchgehend,99,21,31,iO,2,197,249
839902,20.07.21,Dienstag,Durchgehend,11,51,18,iO,0.1,195,244
839903,21.07.21,Mittwoch,Durchgehend,84,91,61,iO,4,199,235
839904,22.07.21,Donnerstag,Durchgehend,74,98,26,iO,0.2,200,250
839905,23.07.21,Freitag,Durchgehend,26,75,21,iO,1.8,203,273
839906,24.07.21,Samstag,Durchgehend,75,77,20,iO,3.4,225,248
839907,25.07.21,Sonntag,Durchgehend,35,51,45,iO,1.6,207,237
839908,26.07.21,Montag,Durchgehend,57,50,18,iO,3.2,205,249
839909,27.07.21,Dienstag,Durchgehend,68,77,16,iO,0.4,187,259
839910,28.07.21,Mittwoch,Zwischenkalibrierung,30,23,60,niO,1.6,202,247
839911,29.07.21,Donnerstag,Durchgehend,97,46,20,iO,4.4,208,259
839912,30.07.21,Freitag,Durchgehend,77,11,52,niO,5,226,257
839913,31.07.21,Samstag,Durchgehend,9,31,3,iO,0.9,210,254
839914,01.08.21,Sonntag,Durchgehend,37,77,13,iO,2.2,207,254
839915,02.08.21,Montag,Durchgehend,34,12,46,niO,5,194,252
839916,03.08.21,Dienstag,Durchgehend,53,62,26,iO,0,198,257
839917,04.08.21,Mittwoch,Durchgehend,18,44,39,iO,4.6,188,239
839918,05.08.21,Donnerstag,Durchgehend,42,40,38,iO,2.2,209,240
839919,06.08.21,Freitag,Durchgehend,36,92,48,iO,1.6,191,262
839920,07.08.21,Samstag,Durchgehend,47,70,6,iO,1.2,213,241
839921,08.08.21,Sonntag,Durchgehend,67,34,60,iO,4.1,203,250
839922,09.08.21,Montag,Durchgehend,46,72,47,iO,4.7,201,263
839923,10.08.21,Dienstag,Durchgehend,59,56,61,iO,3.4,190,239
839924,11.08.21,Mittwoch,Durchgehend,4,20,36,iO,1.1,205,252
839925,12.08.21,Donnerstag,Durchgehend,69,48,24,iO,3.2,220,233
839926,13.08.21,Freitag,Durchgehend,6,24,35,iO,1.7,214,253
839927,14.08.21,Samstag,Durchgehend,35,21,58,iO,2.6,180,253
839928,15.08.21,Sonntag,Durchgehend,86,93,64,iO,0.2,195,254
839929,16.08.21,Montag,Durchgehend,97,16,18,iO,2.2,204,250
839930,17.08.21,Dienstag,Durchgehend,90,29,20,iO,1.8,195,253
839931,18.08.21,Mittwoch,Durchgehend,25,85,13,iO,2.2,208,238
839932,19.08.21,Donnerstag,Durchgehend,83,0,22,iO,0.6,209,261
839933,20.08.21,Freitag,Durchgehend,41,91,45,iO,1.6,197,240
839934,21.08.21,Samstag,Durchgehend,98,32,10,iO,3,204,249
839935,22.08.21,Sonntag,Durchgehend,83,82,38,iO,4.8,200,251
839936,23.08.21,Montag,Durchgehend,78,78,38,iO,4.4,209,250
839937,24.08.21,Dienstag,Unterbrochen,59,72,66,niO,1.8,209,255
839938,25.08.21,Mittwoch,Durchgehend,40,82,13,iO,3.8,204,257
839939,26.08.21,Donnerstag,Durchgehend,33,57,29,iO,3.2,206,244
839940,27.08.21,Freitag,Durchgehend,21,76,26,iO,2,197,247
839941,28.08.21,Samstag,Durchgehend,70,9,63,iO,0.8,199,235
839942,29.08.21,Sonntag,Durchgehend,57,23,57,iO,0.5,194,247
839943,30.08.21,Montag,Durchgehend,71,83,6,iO,2.5,190,256
839944,31.08.21,Dienstag,Durchgehend,46,41,12,niO,3.1,175,260
839945,01.09.21,Mittwoch,Durchgehend,97,73,49,iO,3.4,194,246
839946,02.09.21,Donnerstag,Durchgehend,38,98,4,iO,4.6,199,247
839947,03.09.21,Freitag,Durchgehend,22,23,14,iO,2.6,186,257
839948,04.09.21,Samstag,Durchgehend,6,83,68,iO,4.3,199,226
839949,05.09.21,Sonntag,Durchgehend,84,77,35,iO,3.3,200,256
839950,06.09.21,Montag,Durchgehend,5,87,17,iO,3.9,206,248
839951,07.09.21,Dienstag,Zwischenkalibrierung,1,80,61,niO,2.6,203,251
839952,08.09.21,Mittwoch,Durchgehend,1,80,61,iO,2.6,203,251
